Symbol,Name,LastSale,annualdividend,dividendyield,exdividenddate,dividendpaymentdate
AAL,American Airlines Group Inc.,33.73,0.4,1.1859,5/7/19,5/22/19
AAME,Atlantic American Corporation,2.48,0.02,0.8065,4/9/19,4/24/19
AAON,AAON Inc.,51.82,0.32,0.6175,5/31/19,7/1/19
AAPL,Apple Inc.,208.84,3.08,1.4748,5/10/19,5/16/19
AAXJ,iShares Trust,69.94,0.822308,1.1757,6/17/19,6/21/19
ABCB,Ameris Bancorp,37.49,0.4,1.067,6/27/19,7/10/19
ABDC,Alcentra Capital Corp.,8.34,0.72,15.8273,6/27/19,7/3/19
ACNB,ACNB Corporation,37.17,1,2.6903,5/30/19,6/14/19
ACWI,iShares Trust,74.81,1.812514,2.4228,6/17/19,6/21/19
ACWX,iShares Trust,47.09,1.57141,3.337,6/17/19,6/21/19
ADES,Advanced Emissions Solutions Inc.,12.67,1,7.8927,5/17/19,6/7/19
ADI,Analog Devices Inc.,119.92,2.16,1.8012,5/30/19,6/11/19
ADP,Automatic Data Processing Inc.,167.91,3.16,1.882,6/13/19,7/1/19
ADRA,Invesco BLDRS Index Funds Trust,31.5,0.91512,2.9051,6/24/19,7/31/19
ADRD,Invesco BLDRS Index Funds Trust,21.66,1.08988,5.0318,6/24/19,7/31/19
ADRE,Invesco BLDRS Index Funds Trust,40.88,0.82624,2.0211,6/24/19,7/31/19
ADRU,Invesco BLDRS Index Funds Trust,21.2586,1.06912,5.0291,6/24/19,7/31/19
ADTN,ADTRAN Inc.,11.32,0.36,3.1802,5/1/19,5/16/19
AFIN,American Finance Trust Inc.,11.45,1.1,9.607,7/10/19,7/15/19
AGNC,AGNC Investment Corp.,17.54,1.92,10.9464,6/27/19,7/10/19
AGND,WisdomTree Trust,41.92,1.26,3.0057,7/23/19,7/26/19
AGZD,WisdomTree Trust,47.7721,1.38,2.8887,7/23/19,7/26/19
AIA,iShares Trust,61.64,0.836816,1.3576,6/17/19,6/21/19
AIMC,Altra Industrial Motion Corp.,35.18,0.68,1.9329,6/17/19,7/2/19
AIQ,Global X Funds,16.88,0.108784,0.6445,6/27/19,7/8/19
ALCO,Alico Inc.,31.03,0.24,0.7734,6/27/19,7/12/19
ALGT,Allegiant Travel Company,147.66,2.8,1.8962,6/13/19,6/27/19
ALOT,AstroNova Inc.,23.92,0.28,1.1706,6/14/19,6/24/19
ALTY,Global X Funds,15.06,1.1652,7.7371,7/3/19,7/12/19
AMAL,Amalgamated Bank,16.85,0.24,1.4243,5/15/19,5/31/19
AMAT,Applied Materials Inc.,51.03,0.84,1.6461,5/22/19,6/13/19
AMCA,iShares Trust,28.6645,0.57014,1.989,6/17/19,6/21/19
AMGN,Amgen Inc.,176.01,5.8,3.2953,5/16/19,6/7/19
AMNB,American National Bankshares Inc.,35.08,1,2.8506,6/6/19,6/21/19
AMOT,Allied Motion Technologies Inc.,38.83,0.12,0.309,5/15/19,5/29/19
AMRB,American River Bankshares,13.32,0.2,1.5015,4/30/19,5/15/19
AMSF,AMERISAFE Inc.,64.53,1,1.5497,6/6/19,6/21/19
AMSWA,American Software Inc.,13.23,0.44,3.3258,5/9/19,5/24/19
AMTD,TD Ameritrade Holding Corporation,52.28,1.2,2.2953,5/6/19,5/21/19
ANAT,American National Insurance Company,121.55,3.28,2.6985,6/6/19,6/21/19
ANDE,The Andersons Inc.,26.18,0.68,2.5974,6/28/19,7/22/19
APOG,Apogee Enterprises Inc.,40.44,0.7,1.731,7/15/19,7/31/19
ARCB,ArcBest Corporation,27.76,0.32,1.1527,5/13/19,5/28/19
ARKR,Ark Restaurants Corp.,19.8789,1,5.0305,6/20/19,7/8/19
ARLP,Alliance Resource Partners L.P.,17.3,2.14,12.3699,5/7/19,5/15/19
AROW,Arrow Financial Corporation,32.99,1.04,3.1525,6/3/19,6/14/19
ARTNA,Artesian Resources Corporation,35.6,0.9836,2.7629,5/9/19,5/23/19
ASET,FlexShares Trust,29.62,0.925864,3.1258,6/27/19,7/3/19
ASRV,AmeriServ Financial Inc.,4.1,0.1,2.439,5/3/19,5/20/19
ASTE,Astec Industries Inc.,32.23,0.44,1.3652,5/13/19,5/30/19
ATLO,Ames National Corporation,27.38,0.96,3.5062,4/30/19,5/15/19
ATNI,ATN International Inc.,57.33,0.68,1.1861,6/27/19,7/8/19
ATRI,Atrion Corporation,765.21,5.4,0.7057,6/13/19,6/28/19
AUB,Atlantic Union Bankshares Corporation,36.47,0.92,2.5226,5/16/19,5/31/19
AUBN,Auburn National Bancorporation Inc.,38.08,1,2.6261,6/7/19,6/25/19
AVGO,Broadcom Inc.,300.78,10.6,3.5242,6/21/19,7/2/19
AVT,Avnet Inc.,44.62,0.8,1.7929,6/4/19,6/19/19
BANF,BancFirst Corporation,56.84,1.2,2.1112,6/27/19,7/15/19
BANR,Banner Corporation,54.19,1.64,3.0264,7/8/19,7/18/19
BANX,StoneCastle Financial Corp,21.6,1.52,7.037,6/19/19,6/26/19
BBBY,Bed Bath & Beyond Inc.,9.16,0.68,7.4236,6/13/19,7/16/19
BBGI,Beasley Broadcast Group Inc.,3.15,0.2,6.3492,6/27/19,7/5/19
BBSI,Barrett Business Services Inc.,86.28,1,1.159,5/16/19,5/31/19
BCBP,BCB Bancorp Inc. (NJ),12.97,0.56,4.3177,5/9/19,5/24/19
BCTF,Bancorp 34 Inc.,15.4,0.2,1.2987,6/3/19,6/18/19
BDGE,Bridge Bancorp Inc.,28.41,0.92,3.2383,7/19/19,7/29/19
BELFA,Bel Fuse Inc.,14.08,0.24,1.7045,7/12/19,8/1/19
BELFB,Bel Fuse Inc.,15.54,0.28,1.8018,7/12/19,8/1/19
BFC,Bank First Corporation,58.5,0.8,1.3675,6/21/19,7/8/19
BFIN,BankFinancial Corporation,13.55,0.4,2.952,5/7/19,5/24/19
BFIT,Global X Funds,19.63,0.152062,0.7746,6/27/19,7/8/19
BFST,Business First Bancshares Inc.,25.2,0.4,1.5873,5/14/19,5/31/19
BGCP,BGC Partners Inc.,5.61,0.56,9.9822,5/23/19,6/10/19
BGFV,Big 5 Sporting Goods Corporation,1.87,0.2,10.6952,5/30/19,6/14/19
BGRN,iShares Trust,54.5758,1.17492,2.1528,7/1/19,7/8/19
BICK,First Trust Exchange-Traded Fund II,27.12,0.008,0.0295,6/14/19,6/28/19
BIS,ProShares Trust,18.2,0.385224,2.1166,6/25/19,7/2/19
BJRI,BJ's Restaurants Inc.,40.3,0.48,1.1911,5/10/19,5/27/19
BKCC,BlackRock Capital Investment Corporation,5.94,0.72,12.1212,6/17/19,7/9/19
BKEP,Blueknight Energy Partners L.P. L.L.C.,1.3,0.16,12.3077,5/2/19,5/14/19
BKSC,Bank of South Carolina Corp.,19.08,0.64,3.3543,7/8/19,7/31/19
BLCN,Reality Shares ETF Trust,23.89,0.888,3.717,6/25/19,6/28/19
BLKB,Blackbaud Inc.,83.62,0.48,0.574,5/24/19,6/14/19
BLMN,Bloomin' Brands Inc.,17.76,0.4,2.2523,5/10/19,5/24/19
BMLP,Bank Of Montreal,49.93,3.477348,6.9644,6/27/19,7/9/19
BMRC,Bank of Marin Bancorp,43.18,0.76,1.7601,5/2/19,5/10/19
BMTC,Bryn Mawr Bank Corporation,35.99,1,2.7785,4/30/19,6/1/19
BND,Vanguard Bond Index Funds,82.88,2.333568,2.8156,7/1/19,7/5/19
BNDW,Vanguard Scottsdale Funds,78.99,1.428,1.8078,7/1/19,7/5/19
BNDX,Vanguard Charlotte Funds,57.75,0.654,1.1325,7/1/19,7/5/19
BOCH,Bank of Commerce Holdings (CA),10.59,0.2,1.8886,7/1/19,7/12/19
BOKF,BOK Financial Corporation,77.56,2,2.5786,5/10/19,5/28/19
BOOM,DMC Global Inc.,64.6,0.08,0.1238,6/27/19,7/16/19
BOTJ,Bank of the James Financial Group Inc.,14.76,0.24,1.626,6/6/19,6/21/19
BOTZ,Global X Funds,20.42,0.301624,1.4771,6/27/19,7/8/19
BPFH,Boston Private Financial Holdings Inc.,11.65,0.48,4.1202,5/2/19,5/17/19
BPOP,Popular Inc.,54.37,1.2,2.2071,5/24/19,7/1/19
BPR,Brookfield Property REIT Inc.,18.91,1.32,6.9804,5/30/19,6/28/19
BPRN,The Bank of Princeton,28.67,0.12,0.4186,5/9/19,5/31/19
BRKL,Brookline Bancorp Inc.,14.78,0.44,2.977,5/9/19,5/24/19
BRKR,Bruker Corporation,48.92,0.16,0.3271,5/31/19,6/21/19
BRKS,Brooks Automation Inc.,41.15,0.4,0.9721,6/6/19,6/28/19
BRY,Berry Petroleum Corporation,10.41,0.48,4.611,6/13/19,7/15/19
BSET,Bassett Furniture Industries Incorporated,12.34,0.5,4.0519,5/16/19,5/31/19
BSRR,Sierra Bancorp,25.1,0.72,2.8685,5/1/19,5/16/19
BUSE,First Busey Corporation,26.16,0.84,3.211,7/18/19,7/26/19
BWFG,Bankwell Financial Group Inc.,27.7,0.52,1.8773,5/13/19,5/24/19
CAC,Camden National Corporation,43.23,1.2,2.7759,7/12/19,7/31/19
CAKE,The Cheesecake Factory Incorporated,43.93,1.32,3.0048,5/15/19,5/29/19
CALM,Cal-Maine Foods Inc.,39.49,1.088,2.7551,4/30/19,5/16/19
CARO,Carolina Financial Corporation,34,0.36,1.0588,6/13/19,7/5/19
CARZ,First Trust Exchange-Traded Fund II,33.36,1.8796,5.6343,6/14/19,6/28/19
CASH,Meta Financial Group Inc.,26.74,0.2,0.7479,6/7/19,7/1/19
CASS,Cass Information Systems Inc,48.15,1.04,2.1599,6/3/19,6/14/19
CASY,Caseys General Stores Inc.,162.65,1.16,0.7132,4/30/19,5/15/19
CATC,Cambridge Bancorp,80.49,2.04,2.5345,5/1/19,5/16/19
CATH,Global X Funds,36.6997,0.498264,1.3577,6/27/19,7/8/19
CATY,Cathay General Bancorp,36.73,1.24,3.376,5/31/19,6/13/19
CBAN,Colony Bankcorp Inc.,16.41,0.3,1.8282,4/29/19,5/15/19
CBFV,CB Financial Services Inc.,24.46,0.96,3.9248,6/7/19,6/20/19
CBRL,Cracker Barrel Old Country Store Inc.,170.01,5.2,10.1171,7/18/19,
CBSH,Commerce Bancshares Inc.,59.1,1.04,1.7597,6/6/19,6/24/19
CBTX,CBTX Inc.,28.34,0.4,1.4114,6/28/19,7/15/19
CCBG,Capital City Bank Group,25.07,0.44,1.7551,6/7/19,6/24/19
CCD,Calamos Dynamic Convertible & Income Fund,20.78,2.004,9.6439,7/11/19,7/19/19
CCLP,CSI Compressco LP,3.5,0.04,1.1429,4/30/19,5/15/19
CCMP,Cabot Microelectronics Corporation,117.64,1.68,1.4281,6/24/19,7/30/19
CCNE,CNB Financial Corporation,27.35,0.68,2.4863,5/30/19,6/14/19
CCOI,Cogent Communications Holdings Inc.,62.29,2.4,3.8529,5/16/19,5/31/19
CDC,Victory Portfolios II,45.95,1.993428,4.3383,7/17/19,7/19/19
CDK,CDK Global Inc.,51.88,0.6,1.1565,5/31/19,6/27/19
CDL,Victory Portfolios II,47.52,1.966464,4.1382,7/17/19,7/19/19
CDW,CDW Corporation,113.66,1.18,1.0382,5/23/19,6/11/19
CERN,Cerner Corporation,72.08,0.72,0.9989,6/17/19,7/26/19
CEY,Victory Portfolios II,24.24,3.415704,14.0912,7/17/19,7/19/19
CEZ,Victory Portfolios II,25.92,1.975932,7.6232,7/17/19,7/19/19
CFA,Victory Portfolios II,53.35,0.949668,1.7801,7/17/19,7/19/19
CFFI,C&F Financial Corporation,51.25,1.48,2.8878,6/13/19,7/1/19
CFFN,Capitol Federal Financial Inc.,13.86,0.34,2.4531,5/2/19,5/17/19
CFO,Victory Portfolios II,49.67,0.93936,1.8912,7/17/19,7/19/19
CG,The Carlyle Group L.P.,24,0.76,3.1667,5/10/19,5/21/19
CGBD,TCG BDC Inc.,15.02,1.48,11.984,6/27/19,7/17/19
CGNX,Cognex Corporation,43.83,0.2,0.4563,5/16/19,5/31/19
CGO,Calamos Global Total Return Fund,12.9,1.2,9.3023,7/11/19,7/19/19
CHCO,City Holding Company,74.7,2.12,2.838,7/12/19,7/31/19
CHFC,Chemical Financial Corporation,41.34,1.36,3.2898,6/6/19,6/21/19
CHI,Calamos Convertible Opportunities and Income Fund,10.73,0.96,8.9469,7/11/19,7/19/19
CHMG,Chemung Financial Corp,47.31,1.04,2.1983,6/14/19,7/1/19
CHRW,C.H. Robinson Worldwide Inc.,83.41,2,2.3978,6/6/19,6/28/19
CHW,Calamos Global Dynamic Income Fund,8.17,0.84,10.2815,7/11/19,7/19/19
CHY,Calamos Convertible and High Income Fund,11.44,1.02,8.9161,7/11/19,7/19/19
CIBR,First Trust Exchange-Traded Fund II,30.15,0.0736,0.2441,6/14/19,6/28/19
CID,Victory Portfolios II,32.4858,1.523748,4.6905,7/17/19,7/19/19
CIL,Victory Portfolios II,38.13,0.92292,2.4205,7/17/19,7/19/19
CINF,Cincinnati Financial Corporation,106.5,2.24,2.1033,6/18/19,7/15/19
CIVB,Civista Bancshares Inc. ,21.47,0.44,2.0494,7/22/19,8/1/19
CIZ,Victory Portfolios II,31.97,0.736584,2.304,7/17/19,7/19/19
CIZN,Citizens Holding Company,20.75,0.96,4.6265,6/13/19,6/28/19
CLAR,Clarus Corporation,14.37,0.1,0.6959,5/2/19,5/17/19
CLCT,Collectors Universe Inc.,21.77,0.7,3.2154,5/16/19,5/31/19
CLDB,Cortland Bancorp,24,0.44,1.8333,5/10/19,6/3/19
CLRG,IndexIQ ETF Trust,25.27,0.42068,1.6647,6/24/19,6/28/19
CMCO,Columbus McKinnon Corporation,41.09,0.24,0.5841,5/2/19,5/13/19
CMCSA,Comcast Corporation,44.32,0.84,1.8953,7/2/19,7/24/19
CMCT,CIM Commercial Trust Corporation,20.32,0.5,2.4606,6/13/19,6/27/19
CME,CME Group Inc.,205.35,3,1.4609,6/7/19,6/25/19
CMFN,CM Finance Inc,7.3499,1,13.6056,6/13/19,7/5/19
CMTL,Comtech Telecommunications Corp.,27.5,0.4,1.4545,7/16/19,8/16/19
CNBKA,Century Bancorp Inc.,82.04,0.48,0.5851,4/30/19,5/15/19
CNMD,CONMED Corporation,84.63,0.8,0.9453,6/13/19,7/5/19
CNOB,ConnectOne Bancorp Inc.,22.55,0.36,1.5965,7/12/19,8/1/19
COHU,Cohu Inc.,14.97,0.24,1.6032,6/13/19,7/26/19
COKE,Coca-Cola Consolidated Inc.,289.77,1,0.3451,4/25/19,5/10/19
COLB,Columbia Banking System Inc.,35.55,1.12,4.7257,5/7/19,5/22/19
COLM,Columbia Sportswear Company,104.96,0.96,0.9146,5/15/19,5/30/19
CONE,CyrusOne Inc,60.17,1.84,3.058,6/27/19,7/12/19
CORE,Core-Mark Holding Company Inc.,37.88,0.44,1.1616,5/22/19,6/14/19
COST,Costco Wholesale Corporation,280.1,2.6,0.9282,5/9/19,5/24/19
CPHC,Canterbury Park Holding Corporation,12.88,0.28,2.1739,6/27/19,7/15/19
CPLP,Capital Product Partners L.P.,11.23,1.26,11.2199,5/10/19,5/15/19
CPSI,Computer Programs and Systems Inc.,26.6,0.4,1.5038,5/15/19,5/31/19
CPTA,Capitala Finance Corp.,9.73,0.9996,10.2734,7/22/19,7/30/19
CRAI,CRA InternationalInc.,38.61,0.8,2.072,5/24/19,6/14/19
CRUSC,Calvert Management Series,99.98,0.2448,0.2448,7/1/19,7/5/19
CRWS,Crown Crafts Inc.,4.6,0.32,6.9565,6/13/19,7/5/19
CSA,Victory Portfolios II,45.4,0.553776,1.2198,7/17/19,7/19/19
CSB,Victory Portfolios II,43.814,1.411632,3.2219,7/17/19,7/19/19
CSCO,Cisco Systems Inc.,57.71,1.4,2.4259,7/3/19,7/24/19
CSF,Victory Portfolios II,37.41,0.682128,1.8234,7/17/19,7/19/19
CSFL,CenterState Bank Corporation,23.52,0.44,1.8707,6/13/19,6/28/19
CSGS,CSG Systems International Inc.,49.06,0.89,1.8141,6/3/19,6/19/19
CSML,IndexIQ ETF Trust,24.89,0.42628,1.7127,6/24/19,6/28/19
CSPI,CSP Inc.,14.12,0.6,4.2493,5/30/19,6/14/19
CSQ,Calamos Strategic Total Return Fund,13.08,0.99,7.5688,7/11/19,7/19/19
CSTR,CapStar Financial Holdings Inc.,14.74,0.2,1.3569,5/9/19,5/24/19
CSWI,CSW Industrials Inc.,69.2,0.54,0.7803,5/7/19,6/12/19
CSX,CSX Corporation,69.94,0.96,1.3726,5/30/19,6/14/19
CTBI,Community Trust Bancorp Inc.,41.06,1.44,3.5071,6/13/19,7/1/19
CTRE,CareTrust REIT Inc.,23.43,0.9,3.8412,6/27/19,7/15/19
CTRN,Citi Trends Inc.,14.73,0.32,2.1724,6/3/19,6/18/19
CTSH,Cognizant Technology Solutions Corporation,65.87,0.8,1.2145,5/21/19,5/31/19
CTWS,Connecticut Water Service Inc.,69.61,1.31,1.8819,5/31/19,6/17/19
CTXS,Citrix Systems Inc.,100.88,1.4,1.3878,6/6/19,6/21/19
CVBF,CVB Financial Corporation,20.53,0.72,3.5071,7/2/19,7/18/19
CVCY,Central Valley Community Bancorp,21,0.44,2.0952,5/2/19,5/17/19
CVLY,Codorus Valley Bancorp Inc,22.67,0.64,2.8231,7/22/19,8/13/19
CWBC,Community West Bancshares,9.65,0.22,2.2798,5/9/19,5/31/19
CXSE,WisdomTree Trust,74.816,1.42,1.898,6/24/19,6/28/19
CY,Cypress Semiconductor Corporation,22.51,0.44,1.9547,6/26/19,7/18/19
CZNC,Citizens & Northern Corp,25.37,1.08,4.257,4/26/19,5/10/19
DAKT,Daktronics Inc.,6.24,0.2,3.2051,6/7/19,6/20/19
DALI,First Trust Exchange-Traded Fund VI,20.6728,0.01,0.0484,6/14/19,6/28/19
DAX,Global X Funds,26.5189,1.3822,5.2121,6/27/19,7/8/19
DCOM,Dime Community Bancshares Inc.,19.01,0.56,2.9458,5/7/19,5/15/19
DDIV,First Trust Exchange-Traded Fund VI,25.341,0.944,3.7252,6/14/19,6/28/19
DGICA,Donegal Group Inc.,14.34,0.58,4.0446,4/30/19,5/15/19
DGICB,Donegal Group Inc.,13.8,0.51,3.6957,4/30/19,5/15/19
DGRE,WisdomTree Trust,24.575,0.82,3.3367,6/24/19,6/28/19
DGRS,WisdomTree Trust,35.41,0.48,1.3555,7/23/19,7/26/19
DGRW,WisdomTree Trust,44.77,0.72,1.6082,7/23/19,7/26/19
DMLP,Dorchester Minerals L.P.,19.59,1.92926,9.8482,4/26/19,5/9/19
DNBF,DNB Financial Corp,44.52,0.28,0.6289,6/4/19,6/18/19
DNKN,Dunkin' Brands Group Inc.,79.88,1.5,1.8778,5/31/19,6/12/19
DRIV,Global X Funds,13.705,0.22406,1.6349,6/27/19,7/8/19
DSWL,Deswell Industries Inc.,2.74,0.14,5.1095,6/24/19,7/12/19
DVLU,First Trust Exchange-Traded Fund VI,18.6254,0.314,1.6859,6/14/19,6/28/19
DVOL,First Trust Exchange-Traded Fund VI,21.77,0.3276,1.5048,6/14/19,6/28/19
DVY,iShares Trust,100.59,3.529184,3.5085,6/17/19,6/21/19
DWFI,SPDR Series Trust,23.43,0.922536,3.9374,7/1/19,7/8/19
DWIN,Invesco Exchange-Traded Fund Trust II,25.486,1.35048,5.2989,7/22/19,7/31/19
DWPP,First Trust Exchange-Traded Fund,31.57,0.3184,1.0086,6/14/19,6/28/19
DWTR,Invesco Exchange-Traded Fund Trust II,32.1606,0.1778,0.5529,6/24/19,6/28/19
DXGE,WisdomTree Trust,29.8143,3.24,10.8673,6/24/19,6/28/19
DXJS,WisdomTree Trust,38.4166,1.73936,4.5276,6/24/19,6/28/19
EBAY,eBay Inc.,41.03,0.56,1.3649,5/30/19,6/20/19
EBIX,Ebix Inc.,43.28,0.3,0.6932,5/30/19,6/14/19
EBMT,Eagle Bancorp Montana Inc.,16.18,0.37,2.2868,5/16/19,6/7/19
EBSB,Meridian Bancorp Inc.,18.66,0.28,1.5005,6/17/19,7/2/19
EBTC,Enterprise Bancorp Inc,27.97,0.64,2.2882,5/10/19,6/3/19
ECOL,US Ecology Inc.,61.2,0.72,1.1765,7/18/19,7/26/19
ECOW,Pacer Funds,25.2484,1.397428,5.5347,6/25/19,6/27/19
EEMA,iShares Inc.,66.19,0.614722,0.9287,6/17/19,6/21/19
EFAS,Global X Funds,15.8846,0.93,5.8547,7/3/19,7/12/19
EFSC,Enterprise Financial Services Corporation,41.73,0.6,1.4378,6/13/19,6/28/19
EGBN,Eagle Bancorp Inc.,40.07,0.88,2.1962,5/30/19,6/14/19
EGOV,NIC Inc.,17.38,0.32,1.8412,6/10/19,6/25/19
EMB,iShares Trust,114.09,5.254392,4.6055,7/1/19,7/8/19
EMCB,WisdomTree Trust,72.72,3.18,4.3729,7/23/19,7/26/19
EMCF,Emclaire Financial Corp,34.07,1.16,3.4048,5/31/19,6/21/19
EMCG,WisdomTree Trust,22.45,0.46,2.049,6/24/19,6/28/19
EMCI,EMC Insurance Group Inc.,35.91,0.92,2.562,6/3/19,6/11/19
EMIF,iShares Trust,29.36,0.828412,2.8216,6/17/19,6/21/19
EML,Eastern Company (The),26.02,0.44,1.691,5/14/19,6/14/19
EMXC,iShares Inc.,49.9116,0.478292,0.9583,6/17/19,6/21/19
ENSG,The Ensign Group Inc.,58.99,0.19,0.3221,6/27/19,7/31/19
ENTG,Entegris Inc.,39.72,0.28,0.7049,4/30/19,5/22/19
ENZL,iShares Trust,55.69,1.519112,2.7278,6/17/19,6/21/19
EQIX,Equinix Inc.,507.33,9.84,1.9396,5/21/19,6/19/19
EQRR,ProShares Trust,41.33,0.730108,1.7665,6/25/19,7/2/19
ERIE,Erie Indemnity Company,266,3.6,1.3534,7/8/19,7/23/19
ESBK,Elmira Savings Bank NY (The),15,0.92,6.1333,6/4/19,6/12/19
ESCA,Escalade Incorporated,11.57,0.5,4.3215,5/31/19,6/10/19
ESGD,iShares Trust,64.51,2.343902,3.6334,6/17/19,6/21/19
ESGE,iShares Inc.,34.29,0.520806,1.5188,6/17/19,6/21/19
ESGG,FlexShares Trust,100.1425,3.076608,3.0722,6/21/19,6/27/19
ESGU,iShares Trust,65.9981,1.177196,1.7837,6/17/19,6/21/19
ESSA,ESSA Bancorp Inc.,15.1,0.4,2.649,6/13/19,6/28/19
ESXB,Community Bankers Trust Corporation.,7.91,0.12,1.5171,6/20/19,7/1/19
ETFC,E*TRADE Financial Corporation,48.63,0.56,1.1516,5/10/19,5/20/19
EUFN,iShares Trust,18.22,1.410358,7.7407,6/17/19,6/21/19
EVFTC,Eaton Vance NextShares Trust II,100.03,0.4404,0.4403,7/1/19,7/5/19
EVGBC,Eaton Vance NextShares Trust,99.99,0.3216,0.3216,7/1/19,7/5/19
EVLMC,Eaton Vance NextShares Trust II,100.04,0.222,0.2219,7/1/19,7/5/19
EWBC,East West Bancorp Inc.,47.47,1.1,2.3173,4/30/19,5/15/19
EWJE,iShares Trust,33.19,0.912016,2.7479,6/17/19,6/21/19
EWJV,iShares Trust,24.19,0.91015,3.7625,6/17/19,6/21/19
EWZS,iShares Trust,18.05,0.452294,2.5058,6/17/19,6/21/19
EXPD,Expeditors International of Washington Inc.,75.42,1,1.3259,5/31/19,6/17/19
EXPE,Expedia Group Inc.,137.31,1.28,0.9322,5/22/19,6/13/19
EXPO,Exponent Inc.,67.31,0.64,0.9508,6/6/19,6/21/19
FAB,First Trust Exchange-Traded AlphaDEX Fund,54.1498,0.8,1.4774,6/14/19,6/28/19
FAD,First Trust Exchange-Traded AlphaDEX Fund,76.11,0.12,0.1577,6/14/19,6/28/19
FALN,iShares Trust,26.75,1.452276,5.4291,7/1/19,7/8/19
FAST,Fastenal Company,31.69,0.88,2.7769,7/24/19,8/22/19
FBIZ,First Business Financial Services Inc.,22.25,0.6,2.6966,5/3/19,5/16/19
FBMS,The First Bancshares Inc.,30.69,0.32,1.0427,5/9/19,5/24/19
FBNC,First Bancorp,34.92,0.48,1.3746,6/27/19,7/25/19
FBSS,Fauquier Bankshares Inc.,20.5,0.48,2.3415,6/13/19,7/1/19
FBZ,First Trust Exchange-Traded AlphDEX Fund II,16.9,0.5796,3.4296,6/14/19,6/28/19
FCA,First Trust Exchange-Traded AlphDEX Fund II,25.86,1.6552,6.4006,6/14/19,6/28/19
FCAL,First Trust Exchange-Traded Fund III,52.69,1.5,2.8468,7/23/19,7/31/19
FCAN,First Trust Exchange-Traded AlphDEX Fund II,23.89,0.3088,1.2926,6/14/19,6/28/19
FCAP,First Capital Inc.,54.47,0.96,1.7624,6/13/19,6/28/19
FCBC,First Community Bankshares Inc.,31.83,1,3.1417,5/2/19,5/17/19
FCBP,First Choice Bancorp,22.62,0.8,3.5367,5/8/19,5/23/19
FCCO,First Community Corporation,19.31,0.44,2.2786,4/29/19,5/15/19
FCCY,1st Constitution Bancorp (NJ),17.82,0.3,1.6835,5/10/19,5/24/19
FCEF,First Trust Exchange-Traded Fund VIII,22.1726,1.17,5.2768,7/11/19,7/31/19
FCFS,FirstCash Inc.,103.4,1,0.9671,5/14/19,5/31/19
FCNCA,First Citizens BancShares Inc.,457.78,1.6,0.3495,6/14/19,7/1/19
FCVT,First Trust Exchange-Traded Fund IV,31.88,0.48,1.5056,7/23/19,7/31/19
FDBC,Fidelity D & D Bancorp Inc.,66.99,1.04,1.5525,5/17/19,6/10/19
FDEF,First Defiance Financial Corp.,27.37,0.76,2.7768,5/16/19,5/24/19
FDIV,First Trust Exchange-Traded Fund IV,50.7448,1.98,3.9019,7/23/19,7/31/19
FDNI,First Trust Exchange-Traded Fund II,22.2,0.044,0.1982,6/14/19,6/28/19
FDT,First Trust Exchange-Traded AlphDEX Fund II,54.18,2.0548,3.7925,6/14/19,6/28/19
FDTS,First Trust Exchange-Traded AlphDEX Fund II,36.235,1.244,3.4331,6/14/19,6/28/19
FDUS,Fidus Investment Corporation,16.19,1.56,9.6356,6/6/19,6/21/19
FELE,Franklin Electric Co. Inc.,46.43,0.58,1.2492,5/1/19,5/16/19
FEM,First Trust Exchange-Traded AlphDEX Fund II,25.2,1.3088,5.1937,6/14/19,6/28/19
FEMB,First Trust Exchange-Traded Fund III,39.68,2.2776,5.7399,7/23/19,7/31/19
FEMS,First Trust Exchange-Traded AlphDEX Fund II,36.3,1.5144,4.1719,6/14/19,6/28/19
FEP,First Trust Exchange-Traded AlphDEX Fund II,35.5,1.9524,5.4997,6/14/19,6/28/19
FEUZ,First Trust Exchange-Traded AlphDEX Fund II,38.67,2.102,5.4357,6/14/19,6/28/19
FEX,First Trust Exchange-Traded AlphaDEX Fund,62.39,0.7516,1.2047,6/14/19,6/28/19
FFBC,First Financial Bancorp.,24.52,0.88,3.5889,5/31/19,6/17/19
FFIC,Flushing Financial Corporation,22.01,0.84,3.8164,6/13/19,6/28/19
FFIN,First Financial Bankshares Inc.,31.71,0.48,1.5137,6/14/19,7/1/19
FFNW,First Financial Northwest Inc.,13.96,0.36,2.5788,6/6/19,6/21/19
FFWM,First Foundation Inc.,13.79,0.2,1.4503,5/31/19,6/17/19
FGBI,First Guaranty Bancshares Inc.,22.29,0.64,2.8712,6/20/19,6/28/19
FGM,First Trust Exchange-Traded AlphDEX Fund II,41.955,3.2,7.6272,6/14/19,6/28/19
FHB,First Hawaiian Inc.,25.9,1.04,4.0154,5/24/19,6/7/19
FHK,First Trust Exchange-Traded AlphDEX Fund II,35.9073,2.0072,5.5899,6/14/19,6/28/19
FIBK,First Interstate BancSystem Inc.,39.33,1.24,3.1528,5/10/19,5/23/19
FID,First Trust Exchange-Traded Fund VI,17.12,0.9136,5.3364,6/14/19,6/28/19
FISI,Financial Institutions Inc.,27.99,1,3.5727,6/13/19,7/2/19
FITB,Fifth Third Bancorp,29.25,0.96,3.2821,6/27/19,7/15/19
FIXD,First Trust Exchange-Traded Fund VIII,51.69,1.44,2.7858,7/23/19,7/31/19
FJP,First Trust Exchange-Traded AlphDEX Fund II,48.13,1.76,3.6568,6/14/19,6/28/19
FKU,First Trust Exchange-Traded AlphDEX Fund II,36.28,1.4152,3.9008,6/14/19,6/28/19
FLIC,The First of Long Island Corporation,21.32,0.68,3.1895,7/11/19,7/22/19
FLIR,FLIR Systems Inc.,54.7,0.68,1.2431,5/23/19,6/7/19
FLMN,Falcon Minerals Corporation,8.09,0.7,8.6527,5/16/19,5/29/19
FLN,First Trust Exchange-Traded AlphDEX Fund II,21.3131,1.1948,5.6059,6/14/19,6/28/19
FLXS,Flexsteel Industries Inc.,16.73,0.88,5.26,6/13/19,7/1/19
FMAO,Farmers & Merchants Bancorp Inc.,28.04,0.6,2.1398,6/14/19,7/20/19
FMB,First Trust Exchange-Traded Fund III,55.01,1.41,2.5632,7/23/19,7/31/19
FMBH,First Mid Bancshares Inc.,33.47,0.72,2.1512,5/31/19,6/10/19
FMBI,First Midwest Bancorp Inc.,20.48,0.56,2.7344,6/27/19,7/9/19
FMHI,First Trust Exchange-Traded Fund III,52.4789,1.8,3.4299,7/23/19,7/31/19
FMK,First Trust Exchange-Traded AlphaDEX Fund,36.5,0.4,1.0959,6/14/19,6/28/19
FMNB,Farmers National Banc Corp.,14.42,0.36,2.4965,6/13/19,6/28/19
FNCB,FNCB Bancorp Inc.,7.62,0.2,2.6247,5/31/19,6/17/19
FNHC,FedNat Holding Company,12.22,0.32,2.6187,5/16/19,6/3/19
FNK,First Trust Exchange-Traded AlphaDEX Fund,34.5701,0.4,1.1571,6/14/19,6/28/19
FNLC,First Bancorp Inc (ME),25.69,1.2,4.6711,7/9/19,7/31/19
FNWB,First Northwest Bancorp,16.09,0.12,0.7458,6/6/19,6/21/19
FNX,First Trust Exchange-Traded AlphaDEX Fund,69.7,0.6,0.8608,6/14/19,6/28/19
FOX,Fox Corporation,36.51,0.46,1.2599,5/17/19,6/3/19
FOXA,Fox Corporation,36.22,0.46,1.27,5/17/19,6/3/19
FPA,First Trust Exchange-Traded AlphDEX Fund II,29.785,1.04,3.4917,6/14/19,6/28/19
FPXE,First Trust Exchange-Traded Fund II,20.51,1.0264,5.0044,6/14/19,6/28/19
FPXI,First Trust Exchange-Traded Fund II,37.49,0.7408,1.976,6/14/19,6/28/19
FRAF,Franklin Financial Services Corporation,36.31,1.2,3.3049,5/2/19,5/22/19
FRBA,First Bank,11.48,0.12,1.0453,5/9/19,5/24/19
FRME,First Merchants Corporation,37.49,1.04,2.7741,5/17/19,6/21/19
FSBW,FS Bancorp Inc.,48.42,0.6,1.2392,5/8/19,5/23/19
FSFG,First Savings Financial Group Inc.,59.65,0.64,1.0729,6/13/19,6/28/19
FSV,FirstService Corporation,99.24,0.6,0.6046,6/27/19,7/5/19
FSZ,First Trust Exchange-Traded AlphDEX Fund II,50.499,3.92,7.7625,6/14/19,6/28/19
FTA,First Trust Exchange-Traded AlphaDEX Fund,52.92,0.64,1.2094,6/14/19,6/28/19
FTAG,First Trust Exchange-Traded Fund II,23.63,0.8,3.3855,6/14/19,6/28/19
FTC,First Trust Exchange-Traded AlphaDEX Fund,72.02,0.2,0.2777,6/14/19,6/28/19
FTCS,First Trust Exchange-Traded Fund,57.57,0.6216,1.0797,6/14/19,6/28/19
FTHI,First Trust Exchange-Traded Fund VI,22.5,0.96,4.2667,7/23/19,7/31/19
FTLB,First Trust Exchange-Traded Fund VI,22.1401,0.66,2.981,7/23/19,7/31/19
FTRI,First Trust Exchange-Traded Fund II,12.225,0.642,5.2515,6/14/19,6/28/19
FTSL,First Trust Exchange-Traded Fund IV,47.29,2.196,4.6437,7/23/19,7/31/19
FTSM,First Trust Exchange-Traded Fund IV,60.14,1.512,2.5141,6/28/19,7/3/19
FTXD,First Trust Exchange-Traded Fund VI,22.6309,0.4016,1.7746,6/14/19,6/28/19
FTXG,First Trust Exchange-Traded Fund VI,20.6611,0.334,1.6166,6/14/19,6/28/19
FTXH,First Trust Exchange-Traded Fund VI,20.6444,0.158,0.7653,6/14/19,6/28/19
FTXL,First Trust Exchange-Traded Fund VI,34.6299,0.4256,1.229,6/14/19,6/28/19
FTXN,First Trust Exchange-Traded Fund VI,16.91,0.4292,2.5381,6/14/19,6/28/19
FTXO,First Trust Exchange-Traded Fund VI,25.97,0.7624,2.9357,6/14/19,6/28/19
FTXR,First Trust Exchange-Traded Fund VI,24.28,0.062,0.2554,6/14/19,6/28/19
FULT,Fulton Financial Corporation,16.77,0.52,3.1008,6/28/19,7/15/19
FUNC,First United Corporation,19.65,0.36,1.8321,7/16/19,8/1/19
FUSB,First US Bancshares Inc.,9.1172,0.08,0.8775,6/6/19,7/1/19
FV,First Trust Exchange-Traded Fund VI,31.06,0.0352,0.1133,6/14/19,6/28/19
FVC,First Trust Exchange-Traded Fund VI,27.21,0.2564,0.9423,6/14/19,6/28/19
FWRD,Forward Air Corporation,60.12,0.72,1.1976,5/23/19,6/7/19
FXNC,First National Corporation,19.5,0.36,1.8462,5/30/19,6/14/19
FYT,First Trust Exchange-Traded AlphaDEX Fund,33.92,0.4,1.1792,6/14/19,6/28/19
FYX,First Trust Exchange-Traded AlphaDEX Fund,60.76,0.7648,1.2587,6/14/19,6/28/19
GABC,German American Bancorp Inc.,29.62,0.68,2.2957,5/9/19,5/20/19
GARS,Garrison Capital Inc.,6.995,0.92,13.1523,6/6/19,6/21/19
GBCI,Glacier Bancorp Inc.,39.3,1.08,2.7481,7/8/19,7/18/19
GBDC,Golub Capital BDC Inc.,18.03,1.28,7.0993,6/6/19,6/28/19
GBLI,Global Indemnity Limited,27.4,1,3.6496,6/20/19,6/28/19
GCBC,Greene County Bancorp Inc.,26.85,0.4,1.4898,5/14/19,5/31/19
GECC,Great Elm Capital Corp.,8.86,0.996,11.2415,6/27/19,7/15/19
GENY,Principal Exchange-Traded Funds,38.57,0.0792,0.2053,7/1/19,7/5/19
GFED,Guaranty Federal Bancshares Inc.,23.95,0.52,2.1712,7/5/19,7/18/19
GILD,Gilead Sciences Inc.,66.4,2.52,3.7952,6/13/19,6/27/19
GLAD,Gladstone Capital Corporation,9.46,0.84,8.8795,7/19/19,7/31/19
GLBZ,Glen Burnie Bancorp,10.67,0.4,3.7488,7/19/19,8/2/19
GLDI,Credit Suisse AG,8.945,0.4248,4.749,6/19/19,6/25/19
GLNG,Golar LNG Limited,17.4,0.6,3.4483,6/12/19,7/3/19
GLPI,Gaming and Leisure Properties Inc.,37.66,2.72,7.2225,6/13/19,6/28/19
GMLP,Golar LNG Partners LP,11.77,1.6168,13.7366,5/6/19,5/14/19
GNMA,iShares Trust,50.13,1.43982,2.8722,7/1/19,7/8/19
GNTX,Gentex Corporation,26.44,0.46,1.7398,7/9/19,7/24/19
GNTY,Guaranty Bancshares Inc.,30.16,0.68,2.2546,6/26/19,7/10/19
GOGL,Golden Ocean Group Limited,6.61,0.1,1.5129,6/5/19,6/20/19
GPP,Green Plains Partners LP,14.21,1.9,13.3709,5/2/19,5/10/19
GPRE,Green Plains Inc.,10.47,0.48,4.5845,5/23/19,6/14/19
GRID,First Trust Exchange-Traded Fund II,48.29,1.0484,2.171,6/14/19,6/28/19
GROW,U.S. Global Investors Inc.,1.66,0.03,1.8072,7/12/19,7/29/19
GSBC,Great Southern Bancorp Inc.,58.08,1.28,2.2039,6/28/19,7/16/19
GT,The Goodyear Tire & Rubber Company,15.46,0.64,4.1397,4/30/19,6/3/19
GULF,WisdomTree Trust,20.8825,1.74,8.3323,6/24/19,6/28/19
GWRS,Global Water Resources Inc.,12.19,0.286332,2.3489,7/16/19,7/31/19
HA,Hawaiian Holdings Inc.,27.68,0.48,1.7341,5/16/19,5/31/19
HAFC,Hanmi Financial Corporation,21.37,0.96,4.4923,5/3/19,5/31/19
HAS,Hasbro Inc.,119.31,2.72,2.2798,4/30/19,5/15/19
HAYN,Haynes International Inc.,30.87,0.88,2.8507,5/30/19,6/14/19
HBAN,Huntington Bancshares Incorporated,14.08,0.56,3.9773,6/14/19,7/1/19
HBCP,Home Bancorp Inc.,36.11,0.84,2.3262,5/3/19,5/17/19
HBNC,Horizon Bancorp Inc.,16.08,0.48,2.9851,7/3/19,7/19/19
HCAP,Harvest Capital Credit Corporation,10.2328,0.96,9.3816,7/17/19,7/25/19
HCSG,Healthcare Services Group Inc.,30.08,0.79,2.6263,5/23/19,6/28/19
HEES,H&E Equipment Services Inc.,28.25,1.1,3.8938,5/24/19,6/14/19
HERD,Pacer Funds,24.25,0.553426,2.2822,6/26/19,6/28/19
HEWG,iShares Trust,27.205,1.451434,5.3352,7/2/19,7/9/19
HFBL,Home Federal Bancorp Inc. of Louisiana,32.0878,0.64,1.9945,7/19/19,8/5/19
HFWA,Heritage Financial Corporation,28.78,0.72,2.5017,5/7/19,5/22/19
HIFS,Hingham Institution for Savings,193.19,1.56,0.8075,7/5/19,7/17/19
HLIO,Helios Technologies Inc.,46.95,0.36,0.7668,7/3/19,7/20/19
HLNE,Hamilton Lane Incorporated,58.01,1.1,1.8962,6/13/19,7/5/19
HNDL,Strategy Shares,24.38,1.691904,6.9397,7/12/19,7/16/19
HNNA,Hennessy Advisors Inc.,10.07,0.44,4.3694,5/17/19,6/11/19
HNRG,Hallador Energy Company,5.73,0.16,2.7923,4/29/19,5/17/19
HOFT,Hooker Furniture Corporation,21.54,0.6,2.7855,6/14/19,6/30/19
HOMB,Home BancShares Inc.,19.46,0.52,2.6721,5/14/19,6/5/19
HOPE,Hope Bancorp Inc.,14.51,0.56,3.8594,4/25/19,5/10/19
HRZN,Horizon Technology Finance Corporation,12.02,1.2,9.9834,7/17/19,8/15/19
HSII,Heidrick & Struggles International Inc.,30.25,0.6,1.9835,5/9/19,5/24/19
HTBI,HomeTrust Bancshares Inc.,24.73,0.24,0.9705,5/22/19,6/6/19
HTBK,Heritage Commerce Corp,12.07,0.48,3.9768,5/8/19,5/23/19
HTLD,Heartland Express Inc.,19.85,0.08,0.403,6/20/19,7/1/19
HTLF,Heartland Financial USA Inc.,43.88,0.64,1.4585,5/16/19,5/31/19
HURC,Hurco Companies Inc.,34.95,0.48,1.3734,6/28/19,7/15/19
HWBK,Hawthorn Bancshares Inc.,26.56,0.48,1.8072,6/13/19,7/1/19
HWC,Hancock Whitney Corporation,40.16,1.08,2.6892,6/4/19,6/14/19
HYLS,First Trust Exchange-Traded Fund IV,48.14,2.58,5.3594,7/23/19,7/31/19
HYND,WisdomTree Trust,19.33,1.14,5.8976,7/23/19,7/26/19
HYXE,iShares Trust,51.62,2.973528,5.7604,7/1/19,7/8/19
HYZD,WisdomTree Trust,23.3,1.2,5.1502,7/23/19,7/26/19
IBB,iShares Trust,105.39,0.31876,0.3025,6/17/19,6/21/19
IBCP,Independent Bank Corporation,21.65,0.72,3.3256,5/3/19,5/15/19
IBKC,IBERIABANK Corporation,76.38,1.72,2.2519,6/27/19,7/26/19
IBOC,International Bancshares Corporation,36.63,1,2.73,3/29/19,4/15/19
IBTX,Independent Bank Group Inc,55.38,1,1.8057,5/3/19,5/16/19
ICBK,County Bancorp Inc.,18.3,0.2,1.0929,6/6/19,6/21/19
ICFI,ICF International Inc.,82.13,0.56,0.6818,6/13/19,7/16/19
ICLN,iShares Trust,10.755,0.15626,1.4529,6/17/19,6/21/19
IDCC,InterDigital Inc.,65.43,1.4,2.1397,7/9/19,7/24/19
IDLB,Invesco Exchange-Traded Fund Trust II,27.97,1.40488,5.0228,6/24/19,6/28/19
IEF,iShares Trust,109.49,2.307456,2.1075,7/1/19,7/8/19
IEI,iShares Trust,125.32,2.557464,2.0407,7/1/19,7/8/19
IEUS,iShares Trust,49.8,3.349924,6.7268,6/17/19,6/21/19
IFEU,iShares Trust,36.585,2.617852,7.1555,6/17/19,6/21/19
IFGL,iShares Trust,30.1,1.391364,4.6225,6/17/19,6/21/19
IFV,First Trust Exchange-Traded Fund VI,20.0499,0.84,4.1895,6/14/19,6/28/19
IGF,iShares Trust,46.11,1.57376,3.4131,6/17/19,6/21/19
IGIB,iShares Trust,56.92,2.041332,3.5863,7/1/19,7/8/19
IGSB,iShares Trust,53.38,1.689864,3.1657,7/1/19,7/8/19
IIIN,Insteel Industries Inc.,19.36,0.12,0.6198,6/13/19,6/28/19
IJT,iShares Trust,182.37,1.643904,0.9014,6/17/19,6/21/19
ILPT,Industrial Logistics Properties Trust,20.6,1.32,6.4078,4/26/19,5/16/19
IMKTA,Ingles Markets Incorporated,30.32,0.66,2.1768,7/10/19,7/18/19
INBK,First Internet Bancorp,20.91,0.24,1.1478,6/27/19,7/15/19
INDB,Independent Bank Corp.,73.93,1.76,2.3806,6/28/19,7/12/19
INDY,iShares Trust,36.95,0.45011,1.2182,6/17/19,6/21/19
INFR,Legg Mason ETF Investment Trust,30.78,1.6,5.1982,7/9/19,7/12/19
INTC,Intel Corporation,51.75,1.26,2.4348,5/6/19,6/1/19
INTU,Intuit Inc.,281.9,1.88,0.6669,7/9/19,7/18/19
IOSP,Innospec Inc.,92.06,1,1.0862,5/20/19,5/30/19
IPAR,Inter Parfums Inc.,66.6,1.1,1.6517,6/27/19,7/15/19
IPHS,Innophos Holdings Inc.,27.6,1.92,6.9565,5/16/19,6/7/19
IPKW,Invesco Exchange-Traded Fund Trust II,31.67,1.09672,3.463,6/24/19,6/28/19
ISBC,Investors Bancorp Inc.,11.2,0.44,3.9286,5/9/19,5/24/19
ISCA,International Speedway Corporation,45.45,0.49,1.0781,5/30/19,6/28/19
ISDS,Invesco Exchange-Traded Self-Indexed Fund Trust,23.199,0.39044,1.683,6/24/19,6/28/19
ISDX,Invesco Exchange-Traded Self-Indexed Fund Trust,25.02,0.60368,2.4128,6/24/19,6/28/19
ISEM,Invesco Exchange-Traded Self-Indexed Fund Trust,26.03,0.93812,3.604,6/24/19,6/28/19
ISTB,iShares Trust,50.34,1.424052,2.8289,7/1/19,7/8/19
ISTR,Investar Holding Corporation,23.62,0.2204,0.9331,7/5/19,7/31/19
ITIC,Investors Title Company,164.7,1.6,0.9715,6/13/19,6/28/19
IUS,Invesco Exchange-Traded Self-Indexed Fund Trust,25.74,0.49332,1.9166,6/24/19,6/28/19
IUSB,iShares Trust,51.62,1.618092,3.1346,7/1/19,7/8/19
IUSG,iShares Trust,64.16,1.063264,1.6572,6/17/19,6/21/19
IUSS,Invesco Exchange-Traded Self-Indexed Fund Trust,23.38,0.278,1.1891,6/24/19,6/28/19
IUSV,iShares Trust,57.78,1.343824,2.3258,6/17/19,6/21/19
IVFVC,Ivy NextShares,100.02,0.8,0.7998,6/13/19,6/17/19
IXUS,iShares Trust,58.94,1.874166,3.1798,6/17/19,6/21/19
JACK,Jack In The Box Inc.,73.39,1.6,2.1801,5/28/19,6/14/19
JBHT,J.B. Hunt Transport Services Inc.,104.19,1.04,0.9982,5/2/19,5/17/19
JCS,Communications Systems Inc.,3.25,0.08,2.4615,6/13/19,7/1/19
JJSF,J & J Snack Foods Corp.,162.99,2,1.2271,6/11/19,7/3/19
JKHY,Jack Henry & Associates Inc.,138.85,1.6,1.1523,5/22/19,6/7/19
JKI,iShares Trust,159.2284,3.941596,2.4754,6/17/19,6/21/19
JOUT,Johnson Outdoors Inc.,68.63,0.56,0.816,7/10/19,7/25/19
JRSH,Jerash Holdings (US) Inc.,7.02,0.2,2.849,5/24/19,6/5/19
JRVR,James River Group Holdings Ltd.,46.91,1.2,2.5581,6/7/19,6/28/19
JSMD,Janus Detroit Street Trust,45.5652,0.167464,0.3675,6/28/19,7/5/19
JSML,Janus Detroit Street Trust,43.045,0.164908,0.3831,6/28/19,7/5/19
KALU,Kaiser Aluminum Corporation,95.35,2.4,2.517,7/24/19,8/15/19
KBAL,Kimball International Inc.,17.39,0.32,1.8401,6/24/19,7/15/19
KBWB,Invesco Exchange-Traded Fund Trust II,51.98,1.24764,2.4002,6/24/19,6/28/19
KBWD,Invesco Exchange-Traded Fund Trust II,21.74,1.90368,8.7566,7/22/19,7/31/19
KBWP,Invesco Exchange-Traded Fund Trust II,70.755,1.7134,2.4216,6/24/19,6/28/19
KBWR,Invesco Exchange-Traded Fund Trust II,50.3,1.26184,2.5086,6/24/19,6/28/19
KBWY,Invesco Exchange-Traded Fund Trust II,29.31,1.78476,6.0893,7/22/19,7/31/19
KELYA,Kelly Services Inc.,26.68,0.3,1.1244,5/20/19,6/5/19
KELYB,Kelly Services Inc.,25.2,0.3,1.1905,5/20/19,6/5/19
KEQU,Kewaunee Scientific Corporation,18.25,0.76,4.1644,6/6/19,6/21/19
KFFB,Kentucky First Federal Bancorp,7.65,0.4,5.2288,4/29/19,5/20/19
KFRC,Kforce Inc.,36.11,0.72,1.9939,6/6/19,6/21/19
KHC,The Kraft Heinz Company,31.95,1.6,5.0078,5/30/19,6/14/19
KINS,Kingstone Companies Inc,8.29,0.4,4.8251,5/30/19,6/14/19
KLAC,KLA Corporation ,140.17,3,2.1403,5/14/19,6/4/19
KLIC,Kulicke and Soffa Industries Inc.,22.84,0.48,2.1016,6/27/19,7/15/19
KNSL,Kinsale Capital Group Inc.,89.79,0.32,0.3564,5/31/19,6/13/19
KRMA,Global X Funds,22.235,0.335716,1.5099,6/27/19,7/8/19
KRNY,Kearny Financial,13.64,0.24,1.7595,5/28/19,6/12/19
LAMR,Lamar Advertising Company,79.99,3.84,4.8006,6/13/19,6/28/19
LANC,Lancaster Colony Corporation,151.04,2.6,1.7214,6/6/19,6/28/19
LAND,Gladstone Land Corporation,11.51,0.5346,4.6447,7/19/19,7/31/19
LARK,Landmark Bancorp Inc.,24.5,0.8,3.2653,5/14/19,5/29/19
LBAI,Lakeland Bancorp Inc.,15.91,0.5,3.1427,5/8/19,5/17/19
LBC,Luther Burbank Corporation,10.93,0.23,2.1043,5/8/19,5/20/19
LCNB,LCNB Corporation,17.73,0.68,3.8353,5/31/19,6/17/19
LCUT,Lifetime Brands Inc.,9.28,0.17,1.8319,4/30/19,5/15/19
LDRI,Invesco Exchange-Traded Fund Trust II,25.15,0.65964,2.6228,7/22/19,7/31/19
LDSF,First Trust Exchange-Traded Fund VIII,20.45,0.5928,2.8988,7/23/19,7/31/19
LECO,Lincoln Electric Holdings Inc.,88.59,1.88,2.1221,6/27/19,7/15/19
LEGR,First Trust Exchange-Traded Fund VI,30.81,0.8,2.5966,6/14/19,6/28/19
LEVL,Level One Bancorp Inc.,23.3,0.16,0.6867,6/27/19,7/15/19
LFUS,Littelfuse Inc.,183.67,1.72,0.9365,5/22/19,6/6/19
LKFN,Lakeland Financial Corporation,44.12,1.2,2.7199,7/24/19,8/5/19
LKOR,FlexShares Trust,55.115,2.117148,3.8413,7/1/19,7/8/19
LMAT,LeMaitre Vascular Inc.,32.48,0.34,1.0468,5/21/19,6/6/19
LMBS,First Trust Exchange-Traded Fund IV,51.75,1.41,2.7246,7/23/19,7/31/19
LMNR,Limoneira Co,18.52,0.3,1.6199,7/5/19,7/18/19
LMNX,Luminex Corporation,20.04,0.24,1.1976,6/19/19,7/11/19
LMRK,Landmark Infrastructure Partners LP,17.3,1.47,8.4971,4/30/19,5/15/19
LNGR,Global X Funds,21.44,0.105752,0.4932,6/27/19,7/8/19
LNT,Alliant Energy Corporation,49.59,1.42,2.8635,4/29/19,5/15/19
LOAN,Manhattan Bridge Capital Inc,6.2835,0.48,7.6391,7/9/19,7/15/19
LOB,Live Oak Bancshares Inc.,16.17,0.12,0.7421,5/24/19,6/11/19
LOGM,LogMeIn Inc.,73.58,1.3,1.7668,5/7/19,5/24/19
LPLA,LPL Financial Holdings Inc.,85.97,1,1.1632,5/17/19,6/3/19
LRCX,Lam Research Corporation,209.76,4.4,2.0976,6/11/19,7/10/19
LSBK,Lake Shore Bancorp Inc.,15,0.48,3.2,5/3/19,5/20/19
LSTR,Landstar System Inc.,110.59,0.66,0.5968,5/8/19,5/31/19
LTXB,LegacyTexas Financial Group Inc.,41.7,1,2.3981,5/3/19,5/20/19
LVHD,Legg Mason ETF Investment Trust,32.28,1.137256,3.5231,5/2/19,5/7/19
LYTS,LSI Industries Inc.,3.84,0.2,5.2083,5/3/19,5/14/19
MANT,ManTech International Corporation,67.22,1.08,1.6067,6/6/19,6/21/19
MAR,Marriott International,140.69,1.92,1.3647,5/23/19,6/28/19
MATW,Matthews International Corporation,33.71,0.8,2.3732,5/3/19,5/20/19
MBB,iShares Trust,107.71,3.17004,2.9431,7/1/19,7/8/19
MBCN,Middlefield Banc Corp.,41.55,1.12,2.6955,5/30/19,6/14/19
MBIN,Merchants Bancorp,16.85,0.28,1.6617,6/13/19,7/1/19
MBSD,FlexShares Trust,23.44,1.085196,4.6297,7/1/19,7/8/19
MBTF,M B T Financial Corp,10.26,0.4,3.8986,5/8/19,5/16/19
MBWM,Mercantile Bank Corporation,32,1.04,3.25,6/6/19,6/19/19
MCBC,Macatawa Bank Corporation,10.13,0.28,2.7641,5/13/19,5/30/19
MCEF,First Trust Exchange-Traded Fund VIII,19.18,0.57,2.9718,7/11/19,7/31/19
MCHI,iShares Trust,59.75,0.712206,1.192,6/17/19,6/21/19
MCHP,Microchip Technology Incorporated,95.57,1.462,1.5298,5/20/19,6/4/19
MDIV,First Trust Exchange-Traded Fund VI,18.64,0.7032,3.7725,7/23/19,7/31/19
MDLZ,Mondelez International Inc.,54.79,1.04,1.8982,6/27/19,7/12/19
MDRR,Medalist Diversified REIT Inc.,4.4,0.7,15.9091,7/11/19,7/17/19
MEOH,Methanex Corporation,41.83,1.44,3.4425,6/13/19,6/30/19
MERC,Mercer International Inc.,12.95,0.55,4.2471,6/21/19,7/3/19
MFNC,Mackinac Financial Corporation,15.17,0.48,3.1641,6/27/19,7/12/19
MFSF,MutualFirst Financial Inc.,32.2,0.8,2.4845,6/13/19,6/28/19
MGEE,MGE Energy Inc.,72.1,1.35,1.8724,5/30/19,6/15/19
MGPI,MGP Ingredients Inc.,67.3,0.4,0.5944,5/14/19,5/31/19
MGRC,McGrath RentCorp,64.26,1.5,2.3343,7/16/19,7/31/19
MILN,Global X Funds,25.58,0.04167,0.1629,6/27/19,7/8/19
MINI,Mobile Mini Inc.,33.63,1.1,3.2709,5/14/19,5/29/19
MKSI,MKS Instruments Inc.,84.79,0.8,0.9435,5/23/19,6/7/19
MKTX,MarketAxess Holdings Inc.,367.81,2.04,0.5546,5/7/19,5/22/19
MLAB,Mesa Laboratories Inc.,231.7,0.64,0.2762,5/30/19,6/14/19
MLHR,Herman Miller Inc.,45.25,0.79,1.7459,5/30/19,7/15/19
MMLP,Martin Midstream Partners L.P.,6.77,1,14.771,5/7/19,5/15/19
MNRO,Monro Inc. ,79.12,0.88,1.1122,5/31/19,6/17/19
MOFG,MidWestOne Financial Group Inc.,27.58,0.81,2.9369,4/26/19,6/17/19
MORN,Morningstar Inc.,154.11,1.12,0.7268,7/3/19,7/31/19
MPB,Mid Penn Bancorp,26.39,0.72,2.7283,5/7/19,5/27/19
MPWR,Monolithic Power Systems Inc.,146.69,1.6,1.0907,6/27/19,7/15/19
MRCC,Monroe Capital Corporation,11.23,1.4,12.4666,6/13/19,6/28/19
MRLN,Marlin Business Services Corp.,22.38,0.56,2.5022,5/10/19,5/23/19
MRTN,Marten Transport Ltd.,19.93,0.12,0.6021,6/13/19,6/28/19
MRVL,Marvell Technology Group Ltd.,26.5,0.24,0.9057,7/11/19,7/31/19
MSBI,Midland States Bancorp Inc.,25.88,0.97,3.7481,5/10/19,5/20/19
MSEX,Middlesex Water Company,60.09,0.96,1.5976,5/14/19,6/3/19
MSFT,Microsoft Corporation,139.29,1.84,1.321,5/15/19,6/13/19
MSVB,Mid-Southern Bancorp Inc.,12.5841,0.08,0.6357,5/16/19,6/3/19
MTEX,Mannatech Incorporated,16.4,0.5,3.0488,6/20/19,6/28/19
MTSC,MTS Systems Corporation,55.57,1.2,2.1594,6/17/19,7/2/19
MVBF,MVB Financial Corp.,16.88,0.16,0.9479,5/30/19,6/15/19
MXIM,Maxim Integrated Products Inc.,63.7,1.84,2.8885,5/29/19,6/14/19
NATH,Nathan's Famous Inc.,75.35,1.4,1.858,6/21/19,6/28/19
NATI,National Instruments Corporation,44.57,1,2.2437,5/10/19,6/3/19
NAVI,Navient Corporation,13.7,0.64,4.6715,6/6/19,6/21/19
NBN,Northeast Bank,21.08,0.04,0.1898,5/10/19,5/28/19
NBTB,NBT Bancorp Inc.,37.35,1.04,2.7845,5/30/19,6/14/19
NCMI,National CineMedia Inc.,6.82,0.68,9.9707,5/15/19,5/31/19
NDAQ,Nasdaq Inc.,100.86,1.88,1.864,6/13/19,6/28/19
NDSN,Nordson Corporation,140.19,1.4,0.9986,5/24/19,6/11/19
NEWT,Newtek Business Services Corp.,21.25,1.84,8.6588,6/13/19,6/28/19
NFBK,Northfield Bancorp Inc.,15.77,0.44,2.7901,5/7/19,5/22/19
NFTY,First Trust Exchange-Traded AlphDEX Fund II,35.8039,0.1916,0.5351,6/14/19,6/28/19
NGHC,National General Holdings Corp,22.82,0.16,0.7011,6/28/19,7/15/19
NKSH,National Bankshares Inc.,34.6,1.34,3.8728,5/24/19,6/3/19
NMRK,Newmark Group Inc.,9.78,0.4,4.09,5/24/19,6/12/19
NNBR,NN Inc.,8.48,0.28,3.3019,6/20/19,6/28/19
NRC,National Research Corporation,62.53,0.76,1.2154,6/27/19,7/15/19
NRIM,Northrim BanCorp Inc,36.31,1.2,3.3049,6/5/19,6/14/19
NSEC,National Security Group Inc.,11.21,0.2,1.7841,5/3/19,5/31/19
NTAP,NetApp Inc.,59.1,1.92,3.2487,7/3/19,7/24/19
NTIC,Northern Technologies International Corporation,11.05,0.24,2.1719,5/8/19,5/23/19
NTRS,Northern Trust Corporation,95.01,2.4,2.526,6/13/19,7/1/19
NVDA,NVIDIA Corporation,175.66,0.64,0.3643,5/30/19,6/21/19
NVEC,NVE Corporation,68.38,4,5.8497,5/10/19,5/31/19
NWBI,Northwest Bancshares Inc.,17.06,0.72,4.2204,5/1/19,5/16/19
NWFL,Norwood Financial Corp.,34.8,0.96,2.7586,7/12/19,8/1/19
NWL,Newell Brands Inc.,14.28,0.92,6.4426,5/30/19,6/14/19
NXPI,NXP Semiconductors N.V.,100.94,1,0.9907,6/13/19,7/5/19
NXST,Nexstar Media Group Inc.,99.52,1.8,1.8087,5/9/19,5/24/19
NXTG,First Trust Exchange-Traded Fund II,50.5456,0.0396,0.0783,6/14/19,6/28/19
NYMT,New York Mortgage Trust Inc.,6.09,0.8,13.1363,6/21/19,7/25/19
OBNK,Origin Bancorp Inc.,34.5,0.13,0.3768,5/16/19,5/31/19
OCCI,OFS Credit Company Inc.,17.11,2.004,11.7124,7/23/19,7/31/19
OCFC,OceanFirst Financial Corp.,25.36,0.68,2.6814,5/3/19,5/17/19
OCSI,Oaktree Strategic Income Corporation,8.25,0.62,7.5152,6/13/19,6/28/19
OCSL,Oaktree Specialty Lending Corporation,5.27,0.38,7.2106,6/13/19,6/28/19
ODFL,Old Dominion Freight Line Inc.,160.75,0.68,0.423,6/4/19,6/19/19
ODP,Office Depot Inc.,1.96,0.1,5.102,5/23/19,6/14/19
OFED,Oconee Federal Financial Corp.,23.6276,0.4,1.6929,5/8/19,5/23/19
OFLX,Omega Flex Inc.,73.03,1.12,1.5336,6/21/19,7/2/19
OFS,OFS Capital Corporation,11.03,1.36,12.33,6/20/19,6/28/19
OKDCC,Eaton Vance NextShares Trust II,100.06,0.3096,0.3094,7/1/19,7/5/19
OLBK,Old Line Bancshares Inc.,26.09,0.48,1.8398,6/13/19,6/28/19
OLD,Janus Detroit Street Trust,29.39,0.539512,1.8357,6/28/19,7/5/19
OLED,Universal Display Corporation,211.04,0.4,0.1895,6/13/19,6/28/19
ONB,Old National Bancorp,17.32,0.52,3.0023,5/31/19,6/17/19
ONEQ,Fidelity Nasdaq Composite Index Tracking Stock,323.72,4,1.2356,6/21/19,6/26/19
OPB,Opus Bank,21.23,0.44,2.0725,5/8/19,5/23/19
OPBK,OP Bancorp,9.91,0.2,2.0182,5/9/19,5/24/19
OPI,Office Properties Income Trust,26.66,2.2,8.2521,4/26/19,5/16/19
OPOF,Old Point Financial Corporation,22.2077,0.48,2.1614,6/3/19,6/28/19
ORG,Janus Detroit Street Trust,25.077,0.487756,1.945,6/28/19,7/5/19
ORIT,Oritani Financial Corp.,17.65,1,5.6657,5/2/19,5/17/19
ORRF,Orrstown Financial Services Inc,21.22,0.6,2.8275,4/29/19,5/7/19
OSBC,Old Second Bancorp Inc.,12.56,0.04,0.3185,4/25/19,5/6/19
OTEX,Open Text Corporation,43.22,0.6984,1.6159,5/30/19,6/21/19
OTTR,Otter Tail Corporation,51.82,1.4,2.7017,5/14/19,6/10/19
OTTW,Ottawa Bancorp Inc.,13.12,0.24,1.8293,5/28/19,6/12/19
OVBC,Ohio Valley Banc Corp.,37.29,0.84,2.2526,4/25/19,5/10/19
OXLC,Oxford Lane Capital Corp.,10.62,1.62,15.2542,7/23/19,7/31/19
OZK,Bank OZK,30.03,0.96,3.1968,7/11/19,7/19/19
PAAS,Pan American Silver Corp.,15.61,0.14,0.8969,5/20/19,6/3/19
PACW,PacWest Bancorp,37.93,2.4,6.3274,5/17/19,5/31/19
PAHC,Phibro Animal Health Corporation,28.92,0.48,1.6598,6/4/19,6/26/19
PANL,Pangaea Logistics Solutions Ltd.,3.5116,0.14,3.9868,5/31/19,6/11/19
PAYX,Paychex Inc.,84.62,2.48,2.9307,5/14/19,5/30/19
PBBI,PB Bancorp Inc.,11.45,0.28,2.4454,7/16/19,7/31/19
PBCT,People's United Financial Inc.,16.33,0.71,4.3478,4/30/19,5/15/19
PBHC,Pathfinder Bancorp Inc.,14,0.24,1.7143,7/18/19,8/9/19
PBIP,Prudential Bancorp Inc.,18.11,0.2,1.1044,6/6/19,6/21/19
PCAR,PACCAR Inc.,69.23,1.28,1.8489,5/13/19,6/4/19
PCB,PCB Bancorp,16.84,0.24,1.4252,5/30/19,6/14/19
PCH,PotlatchDeltic Corporation,38,1.6,4.2105,6/6/19,6/28/19
PCSB,PCSB Financial Corporation,19.61,0.16,0.8159,5/16/19,5/31/19
PCTI,PC-Tel Inc.,4.51,0.22,4.878,5/7/19,5/15/19
PDCO,Patterson Companies Inc.,19.87,1.04,5.234,7/11/19,7/26/19
PDP,Invesco Exchange-Traded Fund Trust,62.11,0.186884,0.3009,6/24/19,6/28/19
PEBK,Peoples Bancorp of North Carolina Inc.,27.58,0.56,2.0305,5/31/19,6/14/19
PEBO,Peoples Bancorp Inc.,31.7,1.36,4.2902,5/3/19,5/20/19
PEGA,Pegasystems Inc.,76.18,0.12,0.1575,6/28/19,7/15/19
PEGI,Pattern Energy Group Inc.,23.47,1.688,7.1922,6/27/19,7/31/19
PEP,PepsiCo Inc.,130.74,3.82,2.9218,6/6/19,6/28/19
PETS,PetMed Express Inc.,16.64,1.08,6.4904,5/16/19,5/24/19
PEY,Invesco Exchange-Traded Fund Trust,18.26,0.71772,3.9306,7/22/19,7/31/19
PFBC,Preferred Bank,52.65,1.2,2.2792,7/5/19,7/22/19
PFBI,Premier Financial Bancorp Inc.,15.5,0.6,3.871,6/13/19,6/28/19
PFF,iShares Trust,37.25,1.934256,5.1926,7/2/19,7/9/19
PFG,Principal Financial Group Inc,59.82,2.16,3.6108,5/31/19,6/28/19
PFI,Invesco Exchange-Traded Fund Trust,38.085,0.50544,1.3271,6/24/19,6/28/19
PFIN,P & F Industries Inc.,8.1108,0.2,2.4658,5/17/19,5/24/19
PFIS,Peoples Financial Services Corp. ,45.15,1.36,3.0122,5/30/19,6/14/19
PFLT,PennantPark Floating Rate Capital Ltd.,11.68,1.14,9.7603,7/17/19,8/1/19
PFM,Invesco Exchange-Traded Fund Trust,29.23,0.62404,2.1349,6/24/19,6/28/19
PGC,Peapack-Gladstone Financial Corporation,27.83,0.2,0.7186,5/8/19,5/23/19
PGJ,Invesco Exchange-Traded Fund Trust,37.55,0.20836,0.5549,6/24/19,6/28/19
PHO,Invesco Exchange-Traded Fund Trust,35.97,0.35812,0.9956,6/24/19,6/28/19
PID,Invesco Exchange-Traded Fund Trust,16.25,1.20492,7.4149,6/24/19,6/28/19
PIE,Invesco Exchange-Traded Fund Trust II,18.12,0.27824,1.5355,6/24/19,6/28/19
PIO,Invesco Exchange-Traded Fund Trust II,28.22,0.91676,3.2486,6/24/19,6/28/19
PIZ,Invesco Exchange-Traded Fund Trust II,27.5981,0.7518,2.7241,6/24/19,6/28/19
PKBK,Parke Bancorp Inc.,23.82,0.64,2.6868,7/11/19,7/26/19
PKOH,Park-Ohio Holdings Corp.,29.5,0.5,1.6949,5/14/19,5/29/19
PKW,Invesco Exchange-Traded Fund Trust,63.71,1.06504,1.6717,6/24/19,6/28/19
PLAY,Dave & Buster's Entertainment Inc.,40.12,0.6,1.4955,6/24/19,7/10/19
PLBC,Plumas Bancorp,24.94,0.46,1.8444,4/30/19,5/15/19
PLCE,Children's Place Inc. (The),91.98,2.24,2.4353,6/17/19,6/28/19
PLPC,Preformed Line Products Company,58.6,0.8,1.3652,6/28/19,7/19/19
PLW,Invesco Exchange-Traded Fund Trust II,33.8401,0.66216,1.9567,7/22/19,7/31/19
PMD,Psychemedics Corporation,8.45,0.72,8.5207,5/6/19,5/17/19
PMOM,Principal Exchange-Traded Funds,28.52,0.432,1.5147,7/1/19,7/5/19
PNBK,Patriot National Bancorp Inc.,14.49,0.04,0.2761,6/3/19,6/11/19
PNFP,Pinnacle Financial Partners Inc.,59.49,0.64,1.0758,5/2/19,5/31/19
PNNT,PennantPark Investment Corporation,6.7,0.72,10.7463,6/14/19,7/1/19
POOL,Pool Corporation,188.26,2.2,1.1686,5/16/19,5/31/19
POWI,Power Integrations Inc.,85.31,0.68,0.7971,5/30/19,6/28/19
POWL,Powell Industries Inc.,37.3,1.04,2.7882,5/21/19,6/19/19
PPBI,Pacific Premier Bancorp Inc,30.18,0.88,2.9158,4/30/19,5/15/19
PPH,VanEck Vectors ETF Trust,56.87,1.124,1.9764,7/1/19,7/8/19
PRFZ,Invesco Exchange-Traded Fund Trust,127.77,2.1094,1.6509,6/24/19,6/28/19
PRGS,Progress Software Corporation,41.77,0.62,1.4843,5/31/19,6/17/19
PRIM,Primoris Services Corporation,20.21,0.24,1.1875,6/27/19,7/15/19
PRN,Invesco Exchange-Traded Fund Trust,68.5185,0.1772,0.2586,6/24/19,6/28/19
PROV,Provident Financial Holdings Inc.,21.02,0.56,2.6641,5/20/19,6/11/19
PSC,Principal Exchange-Traded Funds,30.9853,0.434632,1.4027,7/1/19,7/5/19
PSCC,Invesco Exchange-Traded Fund Trust II,72.06,1.52836,2.121,6/24/19,6/28/19
PSCD,Invesco Exchange-Traded Fund Trust II,58.97,0.69376,1.1765,6/24/19,6/28/19
PSCF,Invesco Exchange-Traded Fund Trust II,53.4914,1.974,3.6903,6/24/19,6/28/19
PSCI,Invesco Exchange-Traded Fund Trust II,66.6671,0.41392,0.6209,6/24/19,6/28/19
PSCM,Invesco Exchange-Traded Fund Trust II,44.8885,0.46396,1.0336,6/24/19,6/28/19
PSCT,Invesco Exchange-Traded Fund Trust II,84.57,0.27228,0.322,6/24/19,6/28/19
PSCU,Invesco Exchange-Traded Fund Trust II,52.6493,1.21732,2.3121,6/24/19,6/28/19
PSDO,Presidio Inc.,13.83,0.16,1.1569,6/25/19,7/5/19
PSEC,Prospect Capital Corporation,6.68,0.72,10.7784,6/27/19,7/18/19
PSET,Principal Exchange-Traded Funds,38.76,0.628,1.6202,7/1/19,7/5/19
PSL,Invesco Exchange-Traded Fund Trust,73.8335,0.3372,0.4567,6/24/19,6/28/19
PTEN,Patterson-UTI Energy Inc.,11.3,0.16,1.4159,6/5/19,6/20/19
PTMN,Portman Ridge Finance Corporation,2.34,0.4,17.094,4/4/19,4/26/19
PUB,People's Utah Bancorp,28.76,0.48,1.669,5/3/19,5/13/19
PUI,Invesco Exchange-Traded Fund Trust,32.68,0.87684,2.6831,6/24/19,6/28/19
PVAL,Principal Exchange-Traded Funds,26.64,0.378668,1.4214,7/1/19,7/5/19
PWOD,Penns Woods Bancorp Inc.,45.77,1.88,4.1075,6/10/19,6/25/19
PXI,Invesco Exchange-Traded Fund Trust,28.69,0.96028,3.3471,6/24/19,6/28/19
PY,Principal Exchange-Traded Funds,32.4255,0.682668,2.1053,7/1/19,7/5/19
PYZ,Invesco Exchange-Traded Fund Trust,60.305,1.27696,2.1175,6/24/19,6/28/19
QABA,First Trust Exchange-Traded Fund,47.71,0.8896,1.8646,6/14/19,6/28/19
QADA,QAD Inc.,43.15,0.288,0.6674,7/9/19,7/17/19
QADB,QAD Inc.,33.25,0.24,0.7218,7/9/19,7/17/19
QAT,iShares Trust,17.95,1.26954,7.0726,6/17/19,6/21/19
QCLN,First Trust Exchange-Traded Fund,22.15,0.0972,0.4388,6/14/19,6/28/19
QCOM,QUALCOMM Incorporated,74.12,2.48,3.3459,6/5/19,6/27/19
QCRH,QCR Holdings Inc.,34.03,0.24,0.7053,6/20/19,7/3/19
QLC,FlexShares Trust,34.4,1.129516,3.2835,6/21/19,6/27/19
QQEW,First Trust Exchange-Traded Fund,68.88,0.2988,0.4338,6/14/19,6/28/19
QQQ,Invesco QQQ Trust Series 1,193.79,1.66232,0.8578,6/24/19,7/31/19
QQXT,First Trust Exchange-Traded Fund,55.502,0.1832,0.3301,6/14/19,6/28/19
QTEC,First Trust Exchange-Traded Fund,90.78,0.5748,0.6332,6/14/19,6/28/19
QTRH,Quarterhill Inc.,1.14,0.037625,3.3004,6/13/19,7/5/19
QYLD,Global X Funds,23.47,2.0532,8.7482,7/24/19,8/1/19
RAVN,Raven Industries Inc.,35.07,0.52,1.4827,7/12/19,7/29/19
RBB,RBB Bancorp,18.9,0.4,2.1164,5/1/19,5/15/19
RBCAA,Republic Bancorp Inc.,46.92,1.056,2.2506,6/20/19,7/19/19
RBNC,Reliant Bancorp Inc.,23.3,0.36,1.5451,7/5/19,7/18/19
RCKY,Rocky Brands Inc.,29.41,0.56,1.9041,5/31/19,6/17/19
RDVY,First Trust Exchange-Traded Fund VI,32.04,0.532,1.6604,6/14/19,6/28/19
RECN,Resources Connection Inc.,16.81,0.52,3.0934,5/15/19,6/13/19
REG,Regency Centers Corporation,65.55,2.34,3.5698,5/10/19,5/23/19
RELL,Richardson Electronics Ltd.,5.6,0.24,4.2857,5/7/19,5/24/19
RFAP,First Trust Exchange-Traded Fund III,51.04,2.3228,4.5509,6/14/19,6/28/19
RFDI,First Trust Exchange-Traded Fund III,56.9375,3.71,6.5159,6/14/19,6/28/19
RFEM,First Trust Exchange-Traded Fund III,62.05,1.0928,1.7612,6/14/19,6/28/19
RFEU,First Trust Exchange-Traded Fund III,59.16,4.9152,8.3083,6/14/19,6/28/19
RFIL,RF Industries Ltd.,7.25,0.08,1.1034,6/27/19,7/15/19
RGCO,RGC Resources Inc.,28.27,0.66,2.3346,7/12/19,8/1/19
RGLD,Royal Gold Inc.,118.16,1.06,0.8971,7/3/19,7/19/19
RICK,RCI Hospitality Holdings Inc.,15.29,0.12,0.7848,6/7/19,6/25/19
RILY,B. Riley Financial Inc.,18.36,0.32,5.6645,5/14/19,5/29/19
RING,iShares Inc.,21.94,0.289168,1.318,6/17/19,6/21/19
RIVE,Riverview Financial Corporation,10.3794,0.4,3.8538,6/13/19,6/28/19
RMCF,Rocky Mountain Chocolate Factory Inc.,8.36,0.48,5.7416,6/3/19,6/14/19
RMR,The RMR Group Inc.,48.44,1.4,2.8902,4/26/19,5/16/19
RNDM,First Trust Exchange-Traded Fund VI,50.8167,1.6,3.1486,6/14/19,6/28/19
RNDV,First Trust Exchange-Traded Fund VI,22.2639,0.646,2.9016,6/14/19,6/28/19
RNEM,First Trust Exchange-Traded Fund VI,51.96,0.8,1.5396,6/14/19,6/28/19
RNLC,First Trust Exchange-Traded Fund VI,23.3278,0.3688,1.5809,6/14/19,6/28/19
RNMC,First Trust Exchange-Traded Fund VI,22.2711,0.432,1.9397,6/14/19,6/28/19
RNSC,First Trust Exchange-Traded Fund VI,20.73,0.3948,1.9045,6/14/19,6/28/19
RNST,Renasant Corporation,34.08,0.88,2.5822,6/13/19,6/28/19
ROBT,First Trust Exchange-Traded Fund VI,33.51,0.36,1.0743,6/14/19,6/28/19
ROIC,Retail Opportunity Investments Corp.,17.75,0.788,4.4394,6/12/19,6/27/19
ROST,Ross Stores Inc.,106.11,1.02,0.9613,6/10/19,6/28/19
RRR,Red Rock Resorts Inc.,21.15,0.4,1.8913,6/13/19,6/28/19
RUSHA,Rush Enterprises Inc.,35.58,0.48,1.3491,5/8/19,6/10/19
RUSHB,Rush Enterprises Inc.,37.71,0.48,1.2729,5/8/19,6/10/19
RUTH,Ruth's Hospitality Group Inc.,22.05,0.52,2.3583,5/22/19,6/6/19
RVEN,Reven Housing REIT Inc.,4.08,0.04,0.9804,4/25/19,5/15/19
RVSB,Riverview Bancorp Inc,8.48,0.18,2.1226,7/11/19,7/23/19
SABR,Sabre Corporation,23.42,0.56,2.3911,6/20/19,6/28/19
SAFM,Sanderson Farms Inc.,130.64,1.28,0.9798,5/6/19,5/21/19
SAFT,Safety Insurance Group Inc.,95.59,3.2,3.3476,5/31/19,6/14/19
SAL,Salisbury Bancorp Inc.,38.25,1.12,2.9281,5/16/19,5/31/19
SALM,Salem Media Group Inc.,2.14,0.26,12.1495,6/13/19,6/28/19
SAMG,Silvercrest Asset Management Group Inc.,14.13,0.6,4.2463,6/13/19,6/21/19
SASR,Sandy Spring Bancorp Inc.,35.2,1.2,3.4091,5/7/19,5/15/19
SBBX,SB One Bancorp,22.53,0.3,1.3316,5/10/19,5/27/19
SBFG,SB Financial Group Inc.,16.52,0.36,2.1792,5/9/19,5/24/19
SBGI,Sinclair Broadcast Group Inc.,54.3,0.8,1.4733,5/30/19,6/17/19
SBNY,Signature Bank,125.22,2.24,1.7889,4/30/19,5/15/19
SBRA,Sabra Health Care REIT Inc.,20.68,1.8,8.7041,5/17/19,5/31/19
SBSI,Southside Bancshares Inc.,32.25,1.24,3.845,5/22/19,6/6/19
SBT,Sterling Bancorp Inc.,9.95,0.04,0.402,5/23/19,5/31/19
SBUX,Starbucks Corporation,90.11,1.44,1.598,5/8/19,5/24/19
SCHL,Scholastic Corporation,33,0.6,1.8182,4/29/19,6/17/19
SCHN,Schnitzer Steel Industries Inc.,26.08,0.75,2.8758,5/10/19,5/28/19
SCVL,Shoe Carnival Inc.,26.88,0.34,1.2649,7/5/19,7/22/19
SCZ,iShares Trust,57.72,1.864888,3.2309,6/17/19,6/21/19
SDG,iShares Trust,58.1778,1.090468,1.8744,6/17/19,6/21/19
SDVY,First Trust Exchange-Traded Fund VI,20.466,0.506,2.4724,6/14/19,6/28/19
SEIC,SEI Investments Company,57.75,0.66,1.1429,6/11/19,6/20/19
SELF,Global Self Storage Inc.,4.13,0.26,6.2954,6/14/19,6/28/19
SFBC,Sound Financial Bancorp Inc.,34.78,0.56,1.6101,5/8/19,5/23/19
SFBS,ServisFirst Bancshares Inc.,32.81,0.6,1.8287,6/28/19,7/12/19
SFNC,Simmons First National Corporation,24.77,0.64,2.5838,6/14/19,7/5/19
SGA,Saga Communications Inc.,30.37,1.2,3.9513,6/13/19,7/5/19
SGC,Superior Group of Companies Inc.,15.63,0.4,2.5592,5/14/19,5/29/19
SHBI,Shore Bancshares Inc,16.19,0.4,2.4707,5/16/19,5/31/19
SHOO,Steven Madden Ltd.,34.02,0.56,1.6461,6/17/19,6/28/19
SHV,iShares Trust,110.59,2.505012,2.2651,7/1/19,7/8/19
SHY,iShares Trust,84.59,1.871364,2.2123,7/1/19,7/8/19
SIGI,Selective Insurance Group Inc.,74.85,0.8,1.0688,5/14/19,6/3/19
SIRI,Sirius XM Holdings Inc.,6.04,0.0484,0.8013,5/9/19,5/31/19
SKIS,Peak Resorts Inc.,10.95,0.28,2.5571,7/24/19,8/9/19
SKOR,FlexShares Trust,51.79,1.53888,2.9714,7/1/19,7/8/19
SKYW,SkyWest Inc.,61.22,0.48,0.7841,6/27/19,7/5/19
SKYY,First Trust Exchange-Traded Fund II,59.28,0.4448,0.7503,6/14/19,6/28/19
SLGN,Silgan Holdings Inc.,30.19,0.44,1.4574,5/31/19,6/17/19
SLIM,Janus Detroit Street Trust,34.24,0.284968,0.8323,6/28/19,7/5/19
SLM,SLM Corporation,9.57,0.12,1.2539,6/6/19,6/17/19
SLP,Simulations Plus Inc.,35.69,0.24,0.6725,7/24/19,8/1/19
SLQD,iShares Trust,50.875,1.445112,2.8405,7/1/19,7/8/19
SLRC,Solar Capital Ltd.,20.51,1.64,7.9961,6/19/19,7/2/19
SLVO,Credit Suisse AG,6.97,0.18,2.5825,6/19/19,6/25/19
SMBC,Southern Missouri Bancorp Inc.,32.22,0.52,1.6139,5/14/19,5/31/19
SMMF,Summit Financial Group Inc.,25.81,0.6,2.3247,6/13/19,6/28/19
SNH,Senior Housing Properties Trust,8.41,0.6,7.1344,4/26/19,5/16/19
SNLN,Highland Funds I,17.6,0.877092,4.9835,7/15/19,7/31/19
SNSR,Global X Funds,20.28,0.161348,0.7956,6/27/19,7/8/19
SOHO,Sotherly Hotels Inc.,6.98,0.52,7.4499,6/13/19,7/11/19
SONA,Southern National Bancorp of Virginia Inc.,15.2,0.36,2.3684,5/10/19,5/24/19
SOXX,iShares Trust,213.91,3.029292,1.4162,6/17/19,6/21/19
SPAR,Spartan Motors Inc.,11.84,0.1,0.8446,5/16/19,6/17/19
SPFI,South Plains Financial Inc.,17.72,0.12,0.6772,7/23/19,8/7/19
SPKE,Spark Energy Inc.,10.94,0.725,6.6271,5/30/19,6/14/19
SPOK,Spok Holdings Inc.,14.12,0.5,3.5411,5/23/19,6/24/19
SPTN,SpartanNash Company,11.15,0.76,6.8161,6/13/19,6/28/19
SQLV,Legg Mason ETF Investment Trust,25.69,0.42,1.6349,6/17/19,6/20/19
SQQQ,ProShares Trust,31.47,0.976568,3.1032,6/25/19,7/2/19
SRCE,1st Source Corporation,44.99,1.08,2.4005,5/3/19,5/15/19
SRET,Global X Funds,14.91,1.1976,8.0322,7/3/19,7/12/19
SSB,South State Corporation,76.27,1.6,2.0978,5/9/19,5/17/19
SSBI,Summit State Bank,11.84,0.48,4.0541,5/16/19,5/24/19
SSFN,Stewardship Financial Corp,15.4585,0.12,0.7763,4/30/19,5/15/19
SSNC,SS&C Technologies Holdings Inc.,58.24,0.4,0.6868,5/31/19,6/17/19
SSP,E.W. Scripps Company (The),14.77,0.2,1.3541,6/13/19,6/25/19
STAF,Staffing 360 Solutions Inc.,1.69,0.04,2.3669,5/16/19,5/30/19
STBA,S&T Bancorp Inc.,37.24,1.08,2.9001,5/1/19,5/16/19
STFC,State Auto Financial Corporation,35.18,0.4,1.137,6/17/19,6/28/19
STLD,Steel Dynamics Inc.,32.1,0.96,2.9907,6/27/19,7/12/19
STND,Standard AVB Financial Corp.,27.73,0.884,3.1879,5/3/19,5/20/19
STRA,Strategic Education Inc.,186.67,2,1.0714,5/24/19,6/10/19
STRT,STRATTEC SECURITY CORPORATION,21.18,0.56,2.644,6/13/19,6/28/19
SUNS,Solar Senior Capital Ltd.,16.72,1.41,8.433,7/24/19,8/1/19
SUSB,iShares Trust,25.3,0.7281,2.8779,7/1/19,7/8/19
SUSC,iShares Trust,25.79,0.842712,3.2676,7/1/19,7/8/19
SUSL,iShares Trust,51.15,0.482928,0.9441,6/17/19,6/21/19
SVBI,Severn Bancorp Inc,8.53,0.12,1.4068,6/5/19,6/17/19
SWKS,Skyworks Solutions Inc.,84.54,1.52,1.798,5/20/19,6/11/19
SYBT,Stock Yards Bancorp Inc.,35.11,1.04,2.9621,6/14/19,7/1/19
SYMC,Symantec Corporation,22.81,0.3,1.3152,6/7/19,6/26/19
TACT,TransAct Technologies Incorporated,12,0.36,3,5/17/19,6/14/19
TAIT,Taitron Components Incorporated,3.08,0.12,3.8961,5/14/19,5/31/19
TBNK,Territorial Bancorp Inc.,29.13,0.88,3.0209,5/8/19,5/23/19
TCBK,TriCo Bancshares,37.01,0.76,2.0535,6/13/19,6/28/19
TCFC,The Community Financial Corporation,32.61,0.5,1.5333,7/5/19,7/22/19
TCPC,BlackRock TCP Capital Corp.,14.08,1.44,10.2273,6/13/19,6/28/19
TCRD,THL Credit Inc.,6.64,0.84,12.6506,6/13/19,6/28/19
TDIV,First Trust Exchange-Traded Fund VI,40.64,0.9124,2.2451,6/14/19,6/28/19
TECH,Bio-Techne Corp,208.02,1.28,0.6153,5/9/19,5/24/19
TER,Teradyne Inc.,48.09,0.36,0.7486,5/28/19,6/21/19
TERP,TerraForm Power Inc.,14.78,0.8056,5.4506,5/31/19,6/17/19
TESS,TESSCO Technologies Incorporated,15.9,0.8,5.0314,5/21/19,6/5/19
TFSL,TFS Financial Corporation,18.15,1,5.5096,6/10/19,6/25/19
THFF,First Financial Corporation Indiana,40.46,1.04,2.5704,6/14/19,7/2/19
TILE,Interface Inc.,15.47,0.26,1.6807,5/9/19,5/24/19
TIVO,TiVo Corporation,7.25,0.32,4.4138,6/4/19,6/19/19
TLT,iShares Trust,131.22,3.121944,2.3792,7/1/19,7/8/19
TOWN,Towne Bank,27.42,0.72,2.6258,6/27/19,7/10/19
TRCB,Two River Bancorp,13.92,0.28,2.0115,5/9/19,5/30/19
TRMK,Trustmark Corporation,32.51,0.92,2.8299,5/30/19,6/15/19
TRMT,Tremont Mortgage Trust,4.98,0.88,17.6707,4/26/19,5/16/19
TROW,T. Rowe Price Group Inc.,110.53,3.04,2.7504,6/13/19,6/28/19
TRST,TrustCo Bank Corp NY,7.71,0.2725,3.5344,6/6/19,7/1/19
TSBK,Timberland Bancorp Inc.,27.14,0.6,2.2108,5/14/19,5/29/19
TSCO,Tractor Supply Company,111.35,1.4,1.2573,5/24/19,6/11/19
TTEC,TTEC Holdings Inc.,46.7,0.6,1.2848,3/27/19,4/18/19
TTEK,Tetra Tech Inc.,84.58,0.6,0.7094,5/14/19,5/31/19
TTS,Tile Shop Hldgs Inc.,3.09,0.2,6.4725,5/3/19,5/17/19
TUR,iShares Inc.,25.7,1.183626,4.6055,6/17/19,6/21/19
TUSA,First Trust Exchange-Traded Fund,34.4275,0.3148,0.9144,6/14/19,6/28/19
TUSK,Mammoth Energy Services Inc.,6.39,0.5,7.8247,5/9/19,5/17/19
TW,Tradeweb Markets Inc.,50.04,0.32,0.6395,5/30/19,6/15/19
TXN,Texas Instruments Incorporated,120.07,3.08,2.5652,5/3/19,5/20/19
TYPE,Monotype Imaging Holdings Inc.,16.76,0.464,2.7685,6/28/19,7/19/19
UAE,iShares Trust,14.395,0.951838,6.6123,6/17/19,6/21/19
UBCP,United Bancorp Inc.,11.3702,0.54,4.7493,6/7/19,6/20/19
UBFO,United Security Bancshares,10.72,0.44,4.1045,7/5/19,7/18/19
UBNK,United Financial Bancorp Inc. ,14.15,0.48,3.3922,4/25/19,5/8/19
UBNT,Ubiquiti Networks Inc.,136.18,1,0.7343,5/17/19,5/28/19
UBOH,United Bancshares Inc.,21.01,0.52,2.475,5/30/19,6/17/19
UBSI,United Bankshares Inc.,36.8,1.36,3.6957,6/13/19,7/1/19
UCBI,United Community Banks Inc.,28.08,0.68,2.4217,6/13/19,7/5/19
UCFC,United Community Financial Corp.,9.24,0.28,3.0303,4/26/19,5/10/19
UFCS,United Fire Group Inc,47.8,1.32,2.7615,5/30/19,6/14/19
UFPI,Universal Forest Products Inc.,35.08,0.4,1.1403,5/30/19,6/15/19
UG,United-Guardian Inc.,20.0099,1.1,5.4973,5/30/19,6/14/19
UIHC,United Insurance Holdings Corp.,12.21,0.24,1.9656,5/13/19,5/21/19
ULH,Universal Logistics Holdings Inc.,21.94,0.42,1.9143,5/3/19,5/16/19
UMBF,UMB Financial Corporation,65.24,1.2,1.8394,6/7/19,7/1/19
UMPQ,Umpqua Holdings Corporation,16.9,0.84,4.9704,6/27/19,7/15/19
UNB,Union Bankshares Inc.,34.88,1.24,3.555,4/29/19,5/9/19
UNIT,Uniti Group Inc.,8.39,0.2,2.3838,6/27/19,7/15/19
UNTY,Unity Bancorp Inc.,21.05,0.32,1.5202,6/13/19,6/28/19
USIG,iShares Trust,56.99,2.029764,3.5616,7/1/19,7/8/19
USLB,Invesco Exchange-Traded Fund Trust II,33.28,0.78192,2.3495,6/24/19,6/28/19
USLM,United States Lime & Minerals Inc.,85.69,0.54,0.6302,5/23/19,6/14/19
USMC,Principal Exchange-Traded Funds,29.52,0.60768,2.0585,7/1/19,7/5/19
USOI,Credit Suisse AG,20.4697,2.3784,11.6191,6/19/19,6/25/19
UTMD,Utah Medical Products Inc.,87.36,1.1,1.2592,6/13/19,7/3/19
UVSP,Univest Financial Corporation,25.61,0.8,3.1238,6/3/19,7/1/19
VALU,Value Line Inc.,25.05,0.8,3.1936,4/26/19,5/10/19
VBTX,Veritex Holdings Inc.,25.08,0.5,1.9936,5/8/19,5/23/19
VCIT,Vanguard Scottsdale Funds,89.8,3.1332,3.4891,7/1/19,7/5/19
VCLT,Vanguard Scottsdale Funds,96.89,3.7368,3.8567,7/1/19,7/5/19
VCSH,Vanguard Scottsdale Funds,80.625,2.3076,2.8621,7/1/19,7/5/19
VETS,Pacer Funds,29.43,0.564259,1.9173,6/25/19,6/27/19
VGIT,Vanguard Scottsdale Funds,65.73,1.512,2.3003,7/1/19,7/5/19
VGLT,Vanguard Scottsdale Funds,80.68,2.0196,2.5032,7/1/19,7/5/19
VGSH,Vanguard Scottsdale Funds,60.81,1.3872,2.2812,7/1/19,7/5/19
VIA,Viacom Inc.,35.08,0.8,2.2805,6/14/19,7/1/19
VIAB,Viacom Inc.,30.05,0.8,2.6622,6/14/19,7/1/19
VIGI,Vanguard Whitehall Funds,68.0201,1.9204,2.8233,6/17/19,6/20/19
VIRT,Virtu Financial Inc.,21.76,0.96,4.4118,5/31/19,6/17/19
VLGEA,Village Super Market Inc.,24.58,1,4.0683,7/1/19,7/25/19
VLY,Valley National Bancorp,10.73,0.44,4.1007,6/13/19,7/1/19
VMBS,Vanguard Scottsdale Funds,52.91,1.3656,2.581,7/1/19,7/5/19
VNOM,Viper Energy Partners LP,29.75,1.52,5.1092,5/10/19,5/20/19
VNQI,Vanguard International Equity Index Funds,59.4,1.6252,2.736,6/17/19,6/20/19
VONE,Vanguard Scottsdale Funds,137.85,2.3356,1.6943,6/21/19,6/26/19
VONG,Vanguard Scottsdale Funds,167.26,1.9516,1.1668,6/21/19,6/26/19
VONV,Vanguard Scottsdale Funds,113.18,2.5952,2.293,6/21/19,6/26/19
VRIG,Invesco Actively Managed Exchange-Traded Fund Trus,24.87,0.76872,3.091,7/22/19,7/31/19
VRSK,Verisk Analytics Inc.,150.81,1,0.6631,6/13/19,6/28/19
VRTS,Virtus Investment Partners Inc.,105.95,2.2,2.0765,4/29/19,5/15/19
VSDA,Victory Portfolios II,33.8235,0.5004,1.4794,7/17/19,7/19/19
VSEC,VSE Corporation,26.36,0.36,1.3657,7/16/19,7/31/19
VSMV,Victory Portfolios II,31.48,0.796044,2.5287,7/17/19,7/19/19
VTC,Vanguard Scottsdale Funds,86.72,2.8164,3.2477,7/1/19,7/5/19
VTHR,Vanguard Scottsdale Funds,136.85,2.5372,1.854,6/21/19,6/26/19
VTIP,Vanguard Malvern Funds,49.39,0.6816,1.38,6/17/19,6/20/19
VTWG,Vanguard Scottsdale Funds,146.3,0.9908,0.6772,6/21/19,6/26/19
VTWO,Vanguard Scottsdale Funds,124.44,1.8448,1.4825,6/21/19,6/26/19
VTWV,Vanguard Scottsdale Funds,104.07,2.244,2.1562,6/21/19,6/26/19
VWOB,Vanguard Whitehall Funds,80.93,3.6684,4.5328,7/1/19,7/5/19
VXUS,Vanguard STAR Funds,53,2.4424,4.6083,6/21/19,6/26/19
VYMI,Vanguard Whitehall Funds,61.5,4.0812,6.6361,6/17/19,6/20/19
WABC,Westamerica Bancorporation,62.27,1.64,2.6337,5/3/19,5/17/19
WAFD,Washington Federal Inc.,35.58,0.8,2.2485,5/9/19,5/24/19
WASH,Washington Trust Bancorp Inc.,47.85,2.04,4.2633,6/28/19,7/12/19
WBA,Walgreens Boots Alliance Inc.,54.65,1.76,3.2205,5/17/19,6/12/19
WBND,Legg Mason ETF Investment Trust,26.9,2.788524,10.3663,7/1/19,7/5/19
WCFB,WCF Bancorp Inc.,8.675,0.2,2.3055,5/9/19,5/24/19
WDC,Western Digital Corporation,55.98,2,3.5727,6/27/19,7/15/19
WDFC,WD-40 Company,179.47,2.44,1.3596,7/18/19,7/31/19
WEBK,Wellesley Bancorp Inc.,31.2484,0.24,0.768,6/4/19,6/19/19
WEN,Wendy's Company (The),18.76,0.4,2.1322,5/31/19,6/17/19
WERN,Werner Enterprises Inc.,32.9,0.36,1.0942,6/28/19,7/16/19
WETF,WisdomTree Investments Inc.,6.45,0.12,1.8605,5/7/19,5/22/19
WEYS,Weyco Group Inc.,26.19,0.96,3.6655,5/30/19,6/28/19
WHF,WhiteHorse Finance Inc.,14.16,1.42,10.0282,6/19/19,7/3/19
WINA,Winmark Corporation,169.01,1,0.5917,5/7/19,6/3/19
WINC,Legg Mason ETF Investment Trust,25.98,1.0038,3.8637,7/1/19,7/5/19
WING,Wingstop Inc.,94.19,0.36,0.3822,6/6/19,6/21/19
WIRE,Encore Wire Corporation,55.41,0.08,0.1444,7/3/19,7/19/19
WNEB,Western New England Bancorp Inc.,9.08,0.2,2.2026,5/7/19,5/22/19
WOOD,iShares Trust,58.6,2.241256,3.8247,6/17/19,6/21/19
WSBC,WesBanco Inc.,37.69,1.24,3.29,6/6/19,7/1/19
WSBF,Waterstone Financial Inc.,16.86,0.48,2.847,7/11/19,8/2/19
WSFS,WSFS Financial Corporation,40.53,0.48,1.1843,5/8/19,5/23/19
WSTG,Wayside Technology Group Inc.,11.44,0.68,5.9441,5/17/19,5/24/19
WTBA,West Bancorporation,21.24,0.84,3.9548,5/7/19,5/22/19
WTFC,Wintrust Financial Corporation,68.16,1,1.4671,5/8/19,5/23/19
WVFC,WVS Financial Corp.,17.24,0.4,2.3202,5/10/19,5/23/19
WWD,Woodward Inc.,119.13,0.65,0.5456,5/17/19,6/3/19
WYNN,Wynn Resorts Limited,138.27,4,2.8929,5/21/19,5/30/19
XLNX,Xilinx Inc.,127.28,1.48,1.1628,5/15/19,6/3/19
XPER,Xperi Corporation ,21.01,0.8,3.8077,5/28/19,6/19/19
XRAY,DENTSPLY SIRONA Inc.,56.51,0.35,0.6194,6/27/19,7/12/19
XT,iShares Trust,39.44,0.717314,1.8187,6/17/19,6/21/19
YLCO,Global X Funds,13.77,0.4392,3.1895,5/7/19,5/15/19
YLDE,Legg Mason ETF Investment Trust,31.1761,0.79776,2.5589,6/25/19,6/28/19
YORW,The York Water Company,35.39,0.6932,1.9587,6/27/19,7/15/19
ZBIO,ProShares Trust,14.8,0.061964,0.4187,6/25/19,7/2/19
ZEUS,Olympic Steel Inc.,12.01,0.08,0.6661,5/31/19,6/17/19
ZION,Zions Bancorporation N.A.,42.83,1.2,2.8018,5/15/19,5/23/19